{"type": "FeatureCollection", "features": [{"type": "Feature", "properties": {"district": "Valsad", "dt_code": "491", "st_nm": "Gujarat", "st_code": "24", "year": "2011_c"}, "geometry": {"type": "Polygon", "coordinates": [[[72.77527934666155, 20.13173535741763], [72.74010802743236, 20.24309046321425], [72.7783377222467, 20.336573761907715], [72.82880091940163, 20.368193112936382], [72.88691005551942, 20.461676411629846], [72.90373112123774, 20.57578102621157], [72.85479711187537, 20.750374834065532], [72.97254457190354, 20.74487581649533], [73.04747477373965, 20.69950892154115], [73.0734709662134, 20.600526605277487], [73.2187438065079, 20.601901359670038], [73.2585026891148, 20.579905289389224], [73.40683390499444, 20.62389742995085], [73.47258898007512, 20.584029552566875], [73.46800141669739, 20.496045271443617], [73.4037755294093, 20.386064920039544], [73.4160090317499, 20.204597340222826], [73.2997907595143, 20.21009635779303], [73.24932756235937, 20.122112076669772], [73.21109786754502, 20.120737322277222], [73.13463847791635, 20.199098322652624], [73.16675142156039, 20.28845735816843], [73.04288721036193, 20.325575726767305], [72.93278568929664, 20.295331130131185], [72.96184025735553, 20.208721603400477], [72.87314736538626, 20.22659341050364], [72.77527934666155, 20.13173535741763]]]}}, {"type": "Feature", "properties": {"district": "Amreli", "dt_code": "480", "st_nm": "Gujarat", "st_code": "24", "year": "2011_c"}, "geometry": {"type": "Polygon", "coordinates": [[[71.392893582175, 21.980780015398587], [71.46629459621855, 21.928539348481653], [71.45406109387795, 21.870799663994514], [71.590158807417, 21.687957329785245], [71.54581236143237, 21.55873041688546], [71.47852809855914, 21.48174417090261], [71.61462581209818, 21.440501539126082], [71.62533012664619, 21.327771678936912], [71.5320496712992, 21.289278555945486], [71.52593292012891, 21.18617197650417], [71.62227175106105, 21.11330999369897], [71.6773225115937, 20.99645587033214], [71.51064104220318, 20.94421520341521], [71.43724002815965, 20.86860371182491], [71.32102175592405, 20.846607641544097], [71.20633267148104, 20.79574172901971], [71.17880729121471, 20.880976501357868], [71.2200953616142, 20.956587992948165], [71.12375653068206, 20.963461764910925], [71.13446084523007, 21.06794309874479], [71.00600907065389, 21.165550660615907], [70.8546194791891, 21.166925415008457], [70.80415628203417, 21.23428838024345], [70.94331237115837, 21.3112746262263], [70.92343292985491, 21.462497609406896], [70.8316816623005, 21.456998591836694], [70.86379460594455, 21.598598294269436], [70.79345196748615, 21.66596125950443], [70.80109790644903, 21.74157275109473], [70.97848369038756, 21.72645045277667], [71.04729714105338, 21.75532029502024], [71.03047607533506, 21.87354917277962], [71.12834409405977, 21.947785909977362], [71.33019688267949, 22.03164592792297], [71.392893582175, 21.980780015398587]]]}}, {"type": "Feature", "properties": {"district": "Dang", "dt_code": "489", "st_nm": "Gujarat", "st_code": "24", "year": "2011_c"}, "geometry": {"type": "MultiPolygon", "coordinates": [[[[73.84876917704823, 20.999205379117246], [73.84876917704823, 20.997830624724692], [73.80748110664874, 21.008828659865102], [73.84876917704823, 20.999205379117246]]], [[[73.94204963239521, 20.83973386958134], [73.91758262771404, 20.724254500607067], [73.87476536952197, 20.72975351817727], [73.8380648625002, 20.62114792116575], [73.74478440715322, 20.564782991071162], [73.6530331395988, 20.564782991071162], [73.61480344478446, 20.6252721843434], [73.47411816786769, 20.720130237429416], [73.49552679696372, 20.819112553693078], [73.48941004579342, 20.91397060677909], [73.56434024762953, 21.010203414257653], [73.75243034611609, 21.00607915108], [73.79677679210072, 20.95796274734072], [73.88852805965513, 20.9332171682748], [73.94204963239521, 20.83973386958134]]]]}}, {"type": "Feature", "properties": {"district": "Vadodara", "dt_code": "486", "st_nm": "Gujarat", "st_code": "24", "year": "2011_c"}, "geometry": {"type": "Polygon", "coordinates": [[[73.56281105983696, 22.329967631106513], [73.50470192371915, 22.19936596381418], [73.53069811619291, 22.050892489418683], [73.50317273592658, 21.962908208295424], [73.30437832289202, 21.887296716705123], [73.20803949195988, 21.824058014647782], [73.1254633511609, 21.87767343595727], [73.05970827608024, 21.88179769913492], [73.04900396153222, 21.976655752220935], [72.90526030903031, 22.06738954212929], [72.86703061421596, 22.21448826213224], [72.9465483794298, 22.29284926250764], [73.05970827608024, 22.313470578395904], [73.04747477373965, 22.362961736527737], [73.15604710701238, 22.588421456906083], [73.2187438065079, 22.62828933429006], [73.26920700366283, 22.666782457281485], [73.27532375483312, 22.78226182625576], [73.35025395666922, 22.791885107003615], [73.41753821954246, 22.661283439711283], [73.4205965951276, 22.428949947370178], [73.46494304111225, 22.360212227742636], [73.56281105983696, 22.329967631106513]]]}}, {"type": "Feature", "properties": {"district": "Bharuch", "dt_code": "488", "st_nm": "Gujarat", "st_code": "24", "year": "2011_c"}, "geometry": {"type": "Polygon", "coordinates": [[[72.86703061421596, 22.21448826213224], [72.90526030903031, 22.06738954212929], [73.04900396153222, 21.976655752220935], [73.05970827608024, 21.88179769913492], [73.1254633511609, 21.87767343595727], [73.20803949195988, 21.824058014647782], [73.30437832289202, 21.887296716705123], [73.30896588626973, 21.8515531024988], [73.50011436034144, 21.68108355782249], [73.45270953877166, 21.52848582024934], [73.25085675015194, 21.49411696043557], [72.94196081605207, 21.511988767538732], [72.90678949682288, 21.42950350398568], [72.78751284900214, 21.42125497763037], [72.73552046405463, 21.474870398939856], [72.70646589599573, 21.52711106585679], [72.6101270650636, 21.580726487166274], [72.70034914482544, 21.645339943616168], [72.54284280219036, 21.733324224739427], [72.62236056740419, 21.808935716329724], [72.50920067075374, 21.94366164679971], [72.56730980687153, 22.181494156711018], [72.64835675987794, 22.21586301652479], [72.75234152977295, 22.173245630355712], [72.86703061421596, 22.21448826213224]]]}}, {"type": "Feature", "properties": {"district": "Porbandar", "dt_code": "478", "st_nm": "Gujarat", "st_code": "24", "year": "2011_c"}, "geometry": {"type": "Polygon", "coordinates": [[[69.81477178023904, 21.82130850586268], [69.8178301558242, 21.74157275109473], [69.99215756417759, 21.807560961937174], [70.07320451718398, 21.73882324230963], [70.14813471902009, 21.664586505111878], [70.12060933875377, 21.68108355782249], [69.99062837638502, 21.579351732773723], [69.9967451275553, 21.474870398939856], [69.9447527426078, 21.397884152957005], [69.98145324962957, 21.227414608280696], [69.7077286347589, 21.535359592212096], [69.3713073203927, 21.829557032217988], [69.39577432507387, 21.888671471097677], [69.44776671002138, 21.852927856891355], [69.55939741887926, 21.94091213801461], [69.6664405643594, 21.92578983969655], [69.6557362498114, 21.837805558573294], [69.81477178023904, 21.82130850586268]]]}}, {"type": "Feature", "properties": {"district": "Narmada", "dt_code": "487", "st_nm": "Gujarat", "st_code": "24", "year": "2011_c"}, "geometry": {"type": "Polygon", "coordinates": [[[73.30437832289202, 21.887296716705123], [73.50317273592658, 21.962908208295424], [73.53069811619291, 22.050892489418683], [73.64844557622108, 22.071513805306946], [73.7050255245463, 21.976655752220935], [73.85488592821852, 21.951910173155017], [73.93899125681007, 21.87354917277962], [73.81665623340417, 21.840555067358395], [73.82430217236704, 21.760819312590442], [73.88088212069226, 21.714077663243714], [73.81359785781903, 21.643965189223614], [73.83500648691506, 21.520237293894034], [73.98180851500213, 21.521612048286585], [73.9711042004541, 21.461122855014345], [73.80289354327101, 21.411631696882516], [73.698908773376, 21.399258907349555], [73.6759709564874, 21.472120890154756], [73.49399760917115, 21.485868434080263], [73.45270953877166, 21.52848582024934], [73.50011436034144, 21.68108355782249], [73.30896588626973, 21.8515531024988], [73.30437832289202, 21.887296716705123]]]}}, {"type": "Feature", "properties": {"district": "Surat", "dt_code": "492", "st_nm": "Gujarat", "st_code": "24", "year": "2011_c"}, "geometry": {"type": "Polygon", "coordinates": [[[72.73552046405463, 21.474870398939856], [72.78751284900214, 21.42125497763037], [72.90678949682288, 21.42950350398568], [72.94196081605207, 21.511988767538732], [73.25085675015194, 21.49411696043557], [73.45270953877166, 21.52848582024934], [73.49399760917115, 21.485868434080263], [73.6759709564874, 21.472120890154756], [73.698908773376, 21.399258907349555], [73.59033644010329, 21.366264801928335], [73.45423872656423, 21.384136609031497], [73.3747209613504, 21.224665099495592], [73.19886436520444, 21.077566379492644], [73.20956867975245, 20.95796274734072], [73.28908644496629, 20.93184241388225], [73.31661182523261, 20.879601746965317], [73.2997907595143, 20.816363044907977], [73.1254633511609, 20.89747355406848], [73.02453695685105, 21.01982669500551], [72.95266513060008, 21.069317853137342], [72.90831868461545, 21.041822765286323], [72.75081234198038, 21.062444081174586], [72.62083137961162, 21.09956244977346], [72.63765244532992, 21.210917555570084], [72.59789356272302, 21.316773643796502], [72.65447351104824, 21.34564348604007], [72.69270320586257, 21.461122855014345], [72.73552046405463, 21.474870398939856]]]}}, {"type": "Feature", "properties": {"district": "Tapi", "dt_code": "493", "st_nm": "Gujarat", "st_code": "24", "year": "2011_c"}, "geometry": {"type": "Polygon", "coordinates": [[[73.80748110664874, 21.008828659865102], [73.84876917704823, 20.997830624724692], [73.88852805965513, 20.9332171682748], [73.79677679210072, 20.95796274734072], [73.75243034611609, 21.00607915108], [73.56434024762953, 21.010203414257653], [73.48941004579342, 20.91397060677909], [73.49552679696372, 20.819112553693078], [73.3808377125207, 20.824611571263283], [73.31661182523261, 20.879601746965317], [73.28908644496629, 20.93184241388225], [73.20956867975245, 20.95796274734072], [73.19886436520444, 21.077566379492644], [73.3747209613504, 21.224665099495592], [73.45423872656423, 21.384136609031497], [73.59033644010329, 21.366264801928335], [73.698908773376, 21.399258907349555], [73.80289354327101, 21.411631696882516], [73.9711042004541, 21.461122855014345], [73.98180851500213, 21.521612048286585], [73.98180851500213, 21.522986802679135], [74.16378186231839, 21.568353697633317], [74.27541257117626, 21.56147992567056], [74.32128820495346, 21.49824122361322], [74.20965749609559, 21.462497609406896], [74.04603440229022, 21.446000556696287], [73.95887069811351, 21.395134644171904], [73.94204963239521, 21.30027659108589], [73.82277298457447, 21.270031994449774], [73.8151270456116, 21.17379918697121], [73.66679582973197, 21.154552625475496], [73.73713846819035, 21.0789411338852], [73.80136435547844, 21.029449975753366], [73.80748110664874, 21.008828659865102]]]}}, {"type": "Feature", "properties": {"district": "Botad", "dt_code": "726", "st_nm": "Gujarat", "st_code": "24", "year": "update2014"}, "geometry": {"type": "Polygon", "coordinates": [[[71.590158807417, 21.687957329785245], [71.45406109387795, 21.870799663994514], [71.46629459621855, 21.928539348481653], [71.392893582175, 21.980780015398587], [71.49993672765517, 22.053641998203783], [71.486174037522, 22.18699317428122], [71.43724002815965, 22.26122991147897], [71.5320496712992, 22.342340420639474], [71.8623542344951, 22.37121026288304], [71.83482885422879, 22.266728929049172], [72.0596194597371, 22.24748236755346], [72.13149128598806, 22.19936596381418], [72.06114864752968, 22.101758401943066], [71.92046337061291, 22.130628244186635], [71.86388342228769, 22.05776626138144], [71.7354316477115, 22.011024612034706], [71.683439262764, 21.870799663994514], [71.61768418768332, 21.833681295395643], [71.590158807417, 21.687957329785245]]]}}, {"type": "Feature", "properties": {"district": "Chhota Udaipur", "dt_code": "731", "st_nm": "Gujarat", "st_code": "24", "year": "update2014"}, "geometry": {"type": "Polygon", "coordinates": [[[73.53069811619291, 22.050892489418683], [73.50470192371915, 22.19936596381418], [73.56281105983696, 22.329967631106513], [73.65456232739137, 22.33684140306927], [73.73102171702006, 22.287350244937436], [73.72949252922749, 22.515559474100886], [73.80289354327101, 22.548553579522107], [73.87629455731455, 22.50318668456793], [74.01545064643875, 22.559551614662514], [74.05826790463081, 22.549928333914657], [74.11943541633374, 22.419326666622325], [74.21577424726588, 22.44132273690314], [74.18977805479214, 22.32034435035866], [74.06897221917882, 22.35608796456498], [74.05368034125308, 22.298348280077846], [74.1224937919189, 22.211738753347138], [74.12402297971147, 22.097634138765414], [74.09496841165257, 22.01652362960491], [74.14696079660007, 21.950535418762467], [73.93899125681007, 21.87354917277962], [73.85488592821852, 21.951910173155017], [73.7050255245463, 21.976655752220935], [73.64844557622108, 22.071513805306946], [73.53069811619291, 22.050892489418683]]]}}, {"type": "Feature", "properties": {"district": "Gir Somnath", "dt_code": "729", "st_nm": "Gujarat", "st_code": "24", "year": "update2014"}, "geometry": {"type": "Polygon", "coordinates": [[[70.8546194791891, 21.166925415008457], [71.00600907065389, 21.165550660615907], [71.13446084523007, 21.06794309874479], [71.12375653068206, 20.963461764910925], [71.2200953616142, 20.956587992948165], [71.17880729121471, 20.880976501357868], [71.20633267148104, 20.79574172901971], [71.05035551663852, 20.73112827256982], [70.99989231948359, 20.74212630771023], [70.92037455426977, 20.74212630771023], [70.82709409892277, 20.689885640793293], [70.44785552636452, 20.847982395936647], [70.2398859865745, 20.99233160715449], [70.40045070479474, 21.05282080042673], [70.49067278455658, 21.14355459033509], [70.59312836665902, 21.281030029590177], [70.74757633370895, 21.2384126434211], [70.74604714591638, 21.132556555194682], [70.8546194791891, 21.166925415008457]]]}}, {"type": "Feature", "properties": {"district": "Rajkot", "dt_code": "476", "st_nm": "Gujarat", "st_code": "24", "year": "2011_c"}, "geometry": {"type": "Polygon", "coordinates": [[[70.77816008956042, 21.661836996326777], [70.74298877033122, 21.641215680438513], [70.55031110846696, 21.63434190847576], [70.4371512118165, 21.659087487541676], [70.3041118738626, 21.590349767914134], [70.14813471902009, 21.664586505111878], [70.07320451718398, 21.73882324230963], [70.03038725899192, 21.793813418011666], [70.2169481696859, 21.906543278200836], [70.26588217904826, 22.00140133128685], [70.33010806633635, 22.050892489418683], [70.54878192067437, 22.046768226241028], [70.582424052111, 22.099008893157965], [70.57936567652585, 22.239233841198157], [70.51972735261548, 22.24473285876836], [70.47385171883828, 22.30934631521825], [70.46620577987541, 22.470192579146705], [70.58701161548872, 22.490813895034968], [70.55031110846696, 22.556802105877413], [70.58089486431842, 22.603543755224145], [70.69405476096887, 22.437198473725484], [70.79498115527873, 22.47569159671691], [70.9815420659727, 22.41520240344467], [71.01824257299448, 22.334091894284168], [71.15892784991125, 22.164997104000406], [71.23538723953993, 22.27635220979703], [71.43724002815965, 22.26122991147897], [71.486174037522, 22.18699317428122], [71.49993672765517, 22.053641998203783], [71.392893582175, 21.980780015398587], [71.33019688267949, 22.03164592792297], [71.12834409405977, 21.947785909977362], [71.03047607533506, 21.87354917277962], [71.04729714105338, 21.75532029502024], [70.97848369038756, 21.72645045277667], [70.80109790644903, 21.74157275109473], [70.79345196748615, 21.66596125950443], [70.77816008956042, 21.661836996326777]]]}}, {"type": "Feature", "properties": {"district": "Bhavnagar", "dt_code": "481", "st_nm": "Gujarat", "st_code": "24", "year": "2011_c"}, "geometry": {"type": "MultiPolygon", "coordinates": [[[[72.35628189149638, 21.797937681189318], [72.31040625771918, 21.840555067358395], [72.29205600420829, 21.967032471473075], [72.37463214500727, 22.028896419137865], [72.43732884450279, 21.9271645940891], [72.35628189149638, 21.797937681189318]]], [[[71.6773225115937, 20.99645587033214], [71.62227175106105, 21.11330999369897], [71.52593292012891, 21.18617197650417], [71.5320496712992, 21.289278555945486], [71.62533012664619, 21.327771678936912], [71.61462581209818, 21.440501539126082], [71.47852809855914, 21.48174417090261], [71.54581236143237, 21.55873041688546], [71.590158807417, 21.687957329785245], [71.61768418768332, 21.833681295395643], [71.683439262764, 21.870799663994514], [71.7354316477115, 22.011024612034706], [71.86388342228769, 22.05776626138144], [71.92046337061291, 22.130628244186635], [72.06114864752968, 22.101758401943066], [72.1697209808024, 21.994527559324098], [72.2446511826385, 21.994527559324098], [72.20489230003159, 21.891420979882778], [72.24159280705337, 21.824058014647782], [72.19418798548358, 21.749821277450035], [72.3088770699266, 21.6247186277279], [72.23547605588307, 21.455623837444143], [72.10855346909946, 21.301651345478444], [72.11314103247717, 21.198544766037124], [71.8225953518882, 21.08031588827775], [71.6773225115937, 20.99645587033214]]]]}}, {"type": "Feature", "properties": {"district": "Junagadh", "dt_code": "479", "st_nm": "Gujarat", "st_code": "24", "year": "2011_c"}, "geometry": {"type": "Polygon", "coordinates": [[[70.74298877033122, 21.641215680438513], [70.77816008956042, 21.661836996326777], [70.79345196748615, 21.66596125950443], [70.86379460594455, 21.598598294269436], [70.8316816623005, 21.456998591836694], [70.92343292985491, 21.462497609406896], [70.94331237115837, 21.3112746262263], [70.80415628203417, 21.23428838024345], [70.8546194791891, 21.166925415008457], [70.74604714591638, 21.132556555194682], [70.74757633370895, 21.2384126434211], [70.59312836665902, 21.281030029590177], [70.49067278455658, 21.14355459033509], [70.40045070479474, 21.05282080042673], [70.2398859865745, 20.99233160715449], [70.09155477069487, 21.11468474809152], [69.98145324962957, 21.227414608280696], [69.9447527426078, 21.397884152957005], [69.9967451275553, 21.474870398939856], [69.99062837638502, 21.579351732773723], [70.12060933875377, 21.68108355782249], [70.14813471902009, 21.664586505111878], [70.3041118738626, 21.590349767914134], [70.4371512118165, 21.659087487541676], [70.55031110846696, 21.63434190847576], [70.74298877033122, 21.641215680438513]]]}}, {"type": "Feature", "properties": {"district": "Jamnagar", "dt_code": "477", "st_nm": "Gujarat", "st_code": "24", "year": "2011_c"}, "geometry": {"type": "Polygon", "coordinates": [[[70.07320451718398, 21.73882324230963], [69.99215756417759, 21.807560961937174], [69.8178301558242, 21.74157275109473], [69.81477178023904, 21.82130850586268], [69.90958142337861, 21.840555067358395], [69.91569817454891, 21.9271645940891], [69.85911822622369, 22.088010858017554], [69.8117134046539, 22.12787873540153], [69.73219563944008, 22.3079715608257], [69.75360426853611, 22.41795191222977], [69.8637057896014, 22.463318807183953], [69.97533649845927, 22.543054561951905], [70.12519690213149, 22.552677842699758], [70.2230649208562, 22.661283439711283], [70.21847735747848, 22.717648369805868], [70.29187837152202, 22.76576477354515], [70.39892151700217, 22.90461496719279], [70.44938471415709, 22.84412577392055], [70.49678953572688, 22.933484809436358], [70.57936567652585, 22.91698775672575], [70.64512075160651, 22.863372335416262], [70.64512075160651, 22.70665033466546], [70.58089486431842, 22.603543755224145], [70.55031110846696, 22.556802105877413], [70.58701161548872, 22.490813895034968], [70.46620577987541, 22.470192579146705], [70.47385171883828, 22.30934631521825], [70.51972735261548, 22.24473285876836], [70.57936567652585, 22.239233841198157], [70.582424052111, 22.099008893157965], [70.54878192067437, 22.046768226241028], [70.33010806633635, 22.050892489418683], [70.26588217904826, 22.00140133128685], [70.2169481696859, 21.906543278200836], [70.03038725899192, 21.793813418011666], [70.07320451718398, 21.73882324230963]]]}}, {"type": "Feature", "properties": {"district": "Devbhumi Dwarka", "dt_code": "728", "st_nm": "Gujarat", "st_code": "24", "year": "update2014"}, "geometry": {"type": "Polygon", "coordinates": [[[69.81477178023904, 21.82130850586268], [69.6557362498114, 21.837805558573294], [69.6664405643594, 21.92578983969655], [69.55939741887926, 21.94091213801461], [69.44776671002138, 21.852927856891355], [69.39577432507387, 21.888671471097677], [69.35142787908924, 21.839180312965844], [69.21685935334277, 21.957409190725222], [68.9660725553607, 22.23373482362795], [68.9370179873018, 22.3107210696108], [69.00583143796761, 22.43994798251059], [69.16333778060269, 22.347839438209675], [69.17862965852842, 22.21311350773969], [69.34072356454124, 22.31209582400335], [69.49058396821344, 22.33684140306927], [69.54104716536837, 22.376709280453245], [69.6205649305822, 22.37121026288304], [69.75360426853611, 22.41795191222977], [69.73219563944008, 22.3079715608257], [69.8117134046539, 22.12787873540153], [69.85911822622369, 22.088010858017554], [69.91569817454891, 21.9271645940891], [69.90958142337861, 21.840555067358395], [69.81477178023904, 21.82130850586268]]]}}, {"type": "Feature", "properties": {"district": "Navsari", "dt_code": "490", "st_nm": "Gujarat", "st_code": "24", "year": "2011_c"}, "geometry": {"type": "Polygon", "coordinates": [[[73.40683390499444, 20.62389742995085], [73.2585026891148, 20.579905289389224], [73.2187438065079, 20.601901359670038], [73.0734709662134, 20.600526605277487], [73.04747477373965, 20.69950892154115], [72.97254457190354, 20.74487581649533], [72.85479711187537, 20.750374834065532], [72.72175777392147, 21.04869653724908], [72.75081234198038, 21.062444081174586], [72.90831868461545, 21.041822765286323], [72.95266513060008, 21.069317853137342], [73.02453695685105, 21.01982669500551], [73.1254633511609, 20.89747355406848], [73.2997907595143, 20.816363044907977], [73.31661182523261, 20.879601746965317], [73.3808377125207, 20.824611571263283], [73.49552679696372, 20.819112553693078], [73.47411816786769, 20.720130237429416], [73.40683390499444, 20.62389742995085]]]}}, {"type": "Feature", "properties": {"district": "Patan", "dt_code": "470", "st_nm": "Gujarat", "st_code": "24", "year": "2011_c"}, "geometry": {"type": "Polygon", "coordinates": [[[71.31949256813148, 23.983797165345244], [71.39595195776016, 23.96592535824208], [71.68802682614171, 23.970049621419736], [71.71402301861546, 23.86969255076352], [71.86082504670253, 23.846321726090153], [71.9617514410124, 23.990670937308], [72.20642148782417, 24.11439883263758], [72.22630092912763, 24.071781446468503], [72.33946082577808, 24.037412586654728], [72.37004458162954, 23.971424375812287], [72.48626285386514, 23.935680761605962], [72.38074889617756, 23.86694304197842], [72.32875651123005, 23.880690585903928], [72.31040625771918, 23.67447742702129], [72.29052681641572, 23.619487251319256], [72.18348367093556, 23.64148332160007], [72.07185296207768, 23.583743637112935], [72.01374382595989, 23.629110532067113], [71.96939737997526, 23.526003952625796], [71.8623542344951, 23.47101377692376], [71.77213215473327, 23.468264268138658], [71.60392149755016, 23.497134110382227], [71.53357885909178, 23.479262303279064], [71.44794434270766, 23.535627233373653], [71.3760725164567, 23.649731847955376], [71.22162454940677, 23.656605619918132], [71.21703698602904, 23.72946760272333], [71.08093927249, 23.598865935430993], [71.06411820677168, 23.83807319973485], [71.10081871379344, 23.90268665618474], [71.31949256813148, 23.983797165345244]]]}}, {"type": "Feature", "properties": {"district": "Mehsana", "dt_code": "471", "st_nm": "Gujarat", "st_code": "24", "year": "2011_c"}, "geometry": {"type": "Polygon", "coordinates": [[[72.48626285386514, 23.935680761605962], [72.58413087258985, 23.935680761605962], [72.65141513546308, 23.9934204460931], [72.65294432325567, 24.08415423600146], [72.78292528562442, 24.102026043104622], [72.86703061421596, 24.02503979712177], [72.81809660485361, 23.948053551138923], [72.78904203679471, 23.832574182164645], [72.83491767057193, 23.67172791823619], [72.83185929498677, 23.54525051412151], [72.79821716355015, 23.501258373559878], [72.62388975519676, 23.556248549261916], [72.50461310737602, 23.384404250193054], [72.52143417309433, 23.35003539037928], [72.4128618398216, 23.281297670751737], [72.42815371774734, 23.143822231496646], [72.33640245019292, 23.10670386289777], [72.28288087745285, 23.080583529439306], [72.18807123431328, 23.143822231496646], [72.17430854418012, 23.27304914439643], [72.2507679338088, 23.33216358327612], [72.29817275537859, 23.414648846829174], [72.19112960989844, 23.416023601221724], [72.15289991508409, 23.451767215428045], [72.05197352077424, 23.443518689072743], [71.98927682127872, 23.48888558402692], [71.96939737997526, 23.526003952625796], [72.01374382595989, 23.629110532067113], [72.07185296207768, 23.583743637112935], [72.18348367093556, 23.64148332160007], [72.29052681641572, 23.619487251319256], [72.31040625771918, 23.67447742702129], [72.32875651123005, 23.880690585903928], [72.38074889617756, 23.86694304197842], [72.48626285386514, 23.935680761605962]]]}}, {"type": "Feature", "properties": {"district": "Gandhinagar", "dt_code": "473", "st_nm": "Gujarat", "st_code": "24", "year": "2011_c"}, "geometry": {"type": "Polygon", "coordinates": [[[72.33640245019292, 23.10670386289777], [72.42815371774734, 23.143822231496646], [72.4128618398216, 23.281297670751737], [72.52143417309433, 23.35003539037928], [72.50461310737602, 23.384404250193054], [72.62388975519676, 23.556248549261916], [72.79821716355015, 23.501258373559878], [72.79362960017244, 23.42702163636213], [72.73399127626206, 23.403650811688767], [72.94807756722237, 23.252427828508168], [73.01689101788818, 23.278548161966633], [72.98171969865899, 23.222183231872048], [73.01230345451046, 23.160319284207258], [73.00771589113273, 23.10257959972012], [72.92513975033377, 23.080583529439306], [72.83797604615707, 22.9967235114937], [72.76610421990611, 23.095705827757364], [72.66517782559625, 23.094331073364813], [72.60859787727102, 23.128699933178588], [72.48320447827999, 23.143822231496646], [72.44956234684338, 23.059962213551042], [72.33640245019292, 23.10670386289777]]]}}, {"type": "Feature", "properties": {"district": "Ahmedabad", "dt_code": "474", "st_nm": "Gujarat", "st_code": "24", "year": "2011_c"}, "geometry": {"type": "Polygon", "coordinates": [[[72.06114864752968, 22.101758401943066], [72.13149128598806, 22.19936596381418], [72.0596194597371, 22.24748236755346], [71.83482885422879, 22.266728929049172], [71.8623542344951, 22.37121026288304], [71.93422606074607, 22.453695526436093], [71.91281743165004, 22.526557509241293], [72.03362326726335, 22.50731094774558], [72.08408646441828, 22.435823719332934], [72.16360422963211, 22.479815859894565], [72.14984153949895, 22.584297193728432], [72.06726539869997, 22.591170965691184], [72.05656108415195, 22.79600937018127], [71.98927682127872, 22.863372335416262], [72.01527301375246, 23.057212704765938], [71.91893418282034, 23.065461231121244], [71.90670068047974, 23.176816336917867], [71.98774763348614, 23.20981044233909], [71.87305854904312, 23.278548161966633], [71.87000017345798, 23.381654741407953], [71.9556346898421, 23.387153758978155], [71.98927682127872, 23.48888558402692], [72.05197352077424, 23.443518689072743], [72.15289991508409, 23.451767215428045], [72.19112960989844, 23.416023601221724], [72.29817275537859, 23.414648846829174], [72.2507679338088, 23.33216358327612], [72.17430854418012, 23.27304914439643], [72.18807123431328, 23.143822231496646], [72.28288087745285, 23.080583529439306], [72.33640245019292, 23.10670386289777], [72.44956234684338, 23.059962213551042], [72.48320447827999, 23.143822231496646], [72.60859787727102, 23.128699933178588], [72.66517782559625, 23.094331073364813], [72.76610421990611, 23.095705827757364], [72.83797604615707, 22.9967235114937], [72.79057122458728, 22.907364475977893], [72.64376919650022, 22.897741195230036], [72.52143417309433, 22.79600937018127], [72.50920067075374, 22.610417527186897], [72.42662452995476, 22.57054964980292], [72.43885803229536, 22.50868570213813], [72.37616133279984, 22.472942087931806], [72.37616133279984, 22.314845332788455], [72.33793163798549, 22.177369893533367], [72.2446511826385, 21.994527559324098], [72.1697209808024, 21.994527559324098], [72.06114864752968, 22.101758401943066]]]}}, {"type": "Feature", "properties": {"district": "Panchmahal", "dt_code": "484", "st_nm": "Gujarat", "st_code": "24", "year": "2011_c"}, "geometry": {"type": "Polygon", "coordinates": [[[73.56281105983696, 22.329967631106513], [73.46494304111225, 22.360212227742636], [73.4205965951276, 22.428949947370178], [73.41753821954246, 22.661283439711283], [73.35025395666922, 22.791885107003615], [73.42212578292019, 22.944482844576765], [73.43588847305335, 23.003597283456454], [73.58421968893299, 22.987100230745845], [73.67444176869483, 23.10257959972012], [73.74172603156806, 23.01184580981176], [73.80901029444131, 23.109453371682875], [73.90229074978829, 23.050338932803186], [73.91452425212888, 23.01322056420431], [73.85488592821852, 22.841376265135448], [73.80289354327101, 22.548553579522107], [73.72949252922749, 22.515559474100886], [73.73102171702006, 22.287350244937436], [73.65456232739137, 22.33684140306927], [73.56281105983696, 22.329967631106513]]]}}, {"type": "Feature", "properties": {"district": "Dahod", "dt_code": "485", "st_nm": "Gujarat", "st_code": "24", "year": "2011_c"}, "geometry": {"type": "Polygon", "coordinates": [[[74.37939734107127, 22.63516310625281], [74.26317906883567, 22.64341163260812], [74.15001917218522, 22.52105849167109], [74.05826790463081, 22.549928333914657], [74.01545064643875, 22.559551614662514], [73.87629455731455, 22.50318668456793], [73.80289354327101, 22.548553579522107], [73.85488592821852, 22.841376265135448], [73.91452425212888, 23.01322056420431], [73.90229074978829, 23.050338932803186], [73.95887069811351, 23.113577634860526], [73.99710039292786, 23.28954619710704], [73.98180851500213, 23.337662600846322], [74.1393148576372, 23.266175372433676], [74.12708135529662, 23.175441582525316], [74.24788719090994, 23.183690108880622], [74.31975901716089, 23.059962213551042], [74.39316003120443, 22.896366440837486], [74.46044429407766, 22.907364475977893], [74.46503185745539, 22.816630686069534], [74.40233515795987, 22.731395913731376], [74.37939734107127, 22.63516310625281]]]}}, {"type": "Feature", "properties": {"district": "Aravalli", "dt_code": "725", "st_nm": "Gujarat", "st_code": "24", "year": "update2014"}, "geometry": {"type": "Polygon", "coordinates": [[[73.37777933693555, 23.90406141057729], [73.36860421018011, 23.814702375061483], [73.47411816786769, 23.70472202365741], [73.52305217723004, 23.6071144617863], [73.5719861865924, 23.653856111133027], [73.65609151518395, 23.620862005711807], [73.62703694712505, 23.449017706642945], [73.63009532271019, 23.413274092436623], [73.52458136502261, 23.28542193392939], [73.45118035097909, 23.282672425144288], [73.34107882991378, 23.200187161591234], [73.3747209613504, 23.171317319347665], [73.32578695198805, 23.081958283831856], [73.27226537924797, 23.058587459158492], [73.20192274078958, 23.146571740281747], [73.12087578778319, 23.186439617665723], [73.01230345451046, 23.160319284207258], [72.98171969865899, 23.222183231872048], [73.01689101788818, 23.278548161966633], [73.1025255342723, 23.323915056920814], [73.20956867975245, 23.6098639705714], [73.1254633511609, 23.707471532442515], [73.14075522908664, 23.77620925207006], [73.22486055767818, 23.85594500683801], [73.28908644496629, 23.832574182164645], [73.37777933693555, 23.90406141057729]]]}}, {"type": "Feature", "properties": {"district": "Mahisagar", "dt_code": "730", "st_nm": "Gujarat", "st_code": "24", "year": "update2014"}, "geometry": {"type": "Polygon", "coordinates": [[[73.62703694712505, 23.449017706642945], [73.75548872170123, 23.45451672421315], [73.83041892353734, 23.42564688196958], [73.89158643524028, 23.33491309206122], [73.95887069811351, 23.3802799870154], [73.98180851500213, 23.337662600846322], [73.99710039292786, 23.28954619710704], [73.95887069811351, 23.113577634860526], [73.90229074978829, 23.050338932803186], [73.80901029444131, 23.109453371682875], [73.74172603156806, 23.01184580981176], [73.67444176869483, 23.10257959972012], [73.58421968893299, 22.987100230745845], [73.43588847305335, 23.003597283456454], [73.42212578292019, 22.944482844576765], [73.34872476887665, 22.9238615286885], [73.2416816233965, 23.018719581774516], [73.27226537924797, 23.058587459158492], [73.32578695198805, 23.081958283831856], [73.3747209613504, 23.171317319347665], [73.34107882991378, 23.200187161591234], [73.45118035097909, 23.282672425144288], [73.52458136502261, 23.28542193392939], [73.63009532271019, 23.413274092436623], [73.62703694712505, 23.449017706642945]]]}}, {"type": "Feature", "properties": {"district": "Sabarkantha", "dt_code": "472", "st_nm": "Gujarat", "st_code": "24", "year": "2011_c"}, "geometry": {"type": "Polygon", "coordinates": [[[72.95878188177038, 24.36047986890419], [73.00159913996245, 24.480083501056118], [73.08723365634657, 24.49795530815928], [73.07652934179855, 24.396223483110514], [73.15145954363466, 24.354980851333988], [73.06735421504311, 24.194134587405532], [73.1254633511609, 24.125396867777987], [73.21415624313018, 24.077280464038704], [73.24321081118907, 24.001668972448407], [73.31661182523261, 24.05390963936534], [73.40530471720187, 24.041536849832383], [73.4160090317499, 23.924682726465555], [73.37777933693555, 23.90406141057729], [73.28908644496629, 23.832574182164645], [73.22486055767818, 23.85594500683801], [73.14075522908664, 23.77620925207006], [73.1254633511609, 23.707471532442515], [73.20956867975245, 23.6098639705714], [73.1025255342723, 23.323915056920814], [73.01689101788818, 23.278548161966633], [72.94807756722237, 23.252427828508168], [72.73399127626206, 23.403650811688767], [72.79362960017244, 23.42702163636213], [72.79821716355015, 23.501258373559878], [72.83185929498677, 23.54525051412151], [72.83491767057193, 23.67172791823619], [72.78904203679471, 23.832574182164645], [72.81809660485361, 23.948053551138923], [72.86703061421596, 24.02503979712177], [72.92361056254119, 24.040162095439833], [72.95725269397781, 24.158390973199207], [73.02759533243619, 24.273870342173485], [72.95878188177038, 24.36047986890419]]]}}, {"type": "Feature", "properties": {"district": "Kutch", "dt_code": "468", "st_nm": "Gujarat", "st_code": "24", "year": "2011_c"}, "geometry": {"type": "Polygon", "coordinates": [[[71.11152302834147, 24.675298624798344], [71.18798241797015, 24.65055304573243], [71.28737962448743, 24.61618418591866], [71.2598542442211, 24.533698922365602], [71.34854713619038, 24.517201869654993], [71.31949256813148, 24.401722500680716], [71.37454332866413, 24.334359535445724], [71.2950255634503, 24.301365430024504], [71.31949256813148, 23.983797165345244], [71.10081871379344, 23.90268665618474], [71.06411820677168, 23.83807319973485], [71.08093927249, 23.598865935430993], [71.21703698602904, 23.72946760272333], [71.22162454940677, 23.656605619918132], [71.3760725164567, 23.649731847955376], [71.44794434270766, 23.535627233373653], [71.53357885909178, 23.479262303279064], [71.56416261494326, 23.373406215052647], [71.6895560139343, 23.182315354488072], [71.66967657263083, 23.142447477104096], [71.5152286055809, 23.158944529814708], [71.38677683100471, 23.146571740281747], [71.30878825358346, 23.171317319347665], [71.12222734288949, 23.205686179161436], [70.9647210002544, 23.154820266637053], [70.81638978437476, 23.16444354738491], [70.68946719759116, 23.117701898038177], [70.71852176565005, 23.189189126450824], [70.50443547468974, 23.176816336917867], [70.42491770947592, 23.216684214301843], [70.31175781282548, 23.215309459909292], [70.1649557847384, 23.066835985513794], [70.08085045614685, 22.91973726551085], [69.92640248909692, 22.896366440837486], [69.76889614646184, 22.82625396681739], [69.64809031084852, 22.79600937018127], [69.4171829541699, 22.81113166849933], [69.13122483695865, 22.87437037055667], [68.63270961657965, 23.169942564955115], [68.5317832222698, 23.279922916359183], [68.55013347578067, 23.355534407949484], [68.40027307210846, 23.420147864399375], [68.4155649500342, 23.48613607524182], [68.32687205806492, 23.495759355989676], [68.31005099234662, 23.57824461954273], [68.14184033516352, 23.601615444216094], [68.10055226476403, 23.678601690198946], [68.17242409101499, 23.696473497302108], [68.20912459803677, 23.875191568333722], [68.33910556040551, 23.96592535824208], [68.75351545219296, 23.971424375812287], [68.76421976674098, 24.2958664124543], [68.84832509533253, 24.23950148235971], [68.94619311405724, 24.302740184417054], [69.00277306238246, 24.2230044296491], [69.09452432993687, 24.273870342173485], [69.19392153645416, 24.23675197357461], [69.31319818427491, 24.280744114136237], [69.49211315600601, 24.26699657021073], [69.59456873810845, 24.293116903669198], [69.73219563944008, 24.170763762732168], [70.02579969561421, 24.170763762732168], [70.10990502420576, 24.294491658061748], [70.57324892535556, 24.42234381656898], [70.57171973756299, 24.25187427189267], [70.66805856849513, 24.218880166471447], [70.80568546982674, 24.220254920863997], [70.87449892049256, 24.294491658061748], [70.98612962935043, 24.365978886474394], [71.04882632884595, 24.356355605726538], [71.10234790158603, 24.43609136049449], [70.99836313169102, 24.444339886849797], [70.98612962935043, 24.595562870030395], [71.11152302834147, 24.675298624798344]]]}}, {"type": "Feature", "properties": {"district": "Surendranagar", "dt_code": "475", "st_nm": "Gujarat", "st_code": "24", "year": "2011_c"}, "geometry": {"type": "Polygon", "coordinates": [[[71.8623542344951, 22.37121026288304], [71.5320496712992, 22.342340420639474], [71.43724002815965, 22.26122991147897], [71.23538723953993, 22.27635220979703], [71.15892784991125, 22.164997104000406], [71.01824257299448, 22.334091894284168], [70.9815420659727, 22.41520240344467], [71.08246846028257, 22.402829613911713], [71.16351541328896, 22.50456143896048], [71.09470196262316, 22.56367587784017], [71.1099938405489, 22.64203687821557], [71.16198622549639, 22.683279509992097], [71.12528571847463, 22.79738412457382], [71.2537374930508, 22.837252001957797], [71.3470179483978, 23.098455336542468], [71.30878825358346, 23.171317319347665], [71.38677683100471, 23.146571740281747], [71.5152286055809, 23.158944529814708], [71.66967657263083, 23.142447477104096], [71.6895560139343, 23.182315354488072], [71.56416261494326, 23.373406215052647], [71.53357885909178, 23.479262303279064], [71.60392149755016, 23.497134110382227], [71.77213215473327, 23.468264268138658], [71.8623542344951, 23.47101377692376], [71.96939737997526, 23.526003952625796], [71.98927682127872, 23.48888558402692], [71.9556346898421, 23.387153758978155], [71.87000017345798, 23.381654741407953], [71.87305854904312, 23.278548161966633], [71.98774763348614, 23.20981044233909], [71.90670068047974, 23.176816336917867], [71.91893418282034, 23.065461231121244], [72.01527301375246, 23.057212704765938], [71.98927682127872, 22.863372335416262], [72.05656108415195, 22.79600937018127], [72.06726539869997, 22.591170965691184], [72.14984153949895, 22.584297193728432], [72.16360422963211, 22.479815859894565], [72.08408646441828, 22.435823719332934], [72.03362326726335, 22.50731094774558], [71.91281743165004, 22.526557509241293], [71.93422606074607, 22.453695526436093], [71.8623542344951, 22.37121026288304]]]}}, {"type": "Feature", "properties": {"district": "Kheda", "dt_code": "483", "st_nm": "Gujarat", "st_code": "24", "year": "2011_c"}, "geometry": {"type": "Polygon", "coordinates": [[[73.35025395666922, 22.791885107003615], [73.27532375483312, 22.78226182625576], [73.26920700366283, 22.666782457281485], [73.2187438065079, 22.62828933429006], [73.096408783102, 22.728646404946275], [73.00312832775502, 22.723147387376073], [72.98477807424413, 22.653034913355974], [72.91749381137089, 22.595295228868835], [72.8303301071942, 22.593920474476285], [72.74010802743236, 22.646161141393222], [72.68811564248486, 22.604918509616695], [72.65294432325567, 22.500437175782828], [72.57648493362699, 22.50456143896048], [72.50920067075374, 22.610417527186897], [72.52143417309433, 22.79600937018127], [72.64376919650022, 22.897741195230036], [72.79057122458728, 22.907364475977893], [72.83797604615707, 22.9967235114937], [72.92513975033377, 23.080583529439306], [73.00771589113273, 23.10257959972012], [73.01230345451046, 23.160319284207258], [73.12087578778319, 23.186439617665723], [73.20192274078958, 23.146571740281747], [73.27226537924797, 23.058587459158492], [73.2416816233965, 23.018719581774516], [73.34872476887665, 22.9238615286885], [73.42212578292019, 22.944482844576765], [73.35025395666922, 22.791885107003615]]]}}, {"type": "Feature", "properties": {"district": "Anand", "dt_code": "482", "st_nm": "Gujarat", "st_code": "24", "year": "2011_c"}, "geometry": {"type": "Polygon", "coordinates": [[[73.2187438065079, 22.62828933429006], [73.15604710701238, 22.588421456906083], [73.04747477373965, 22.362961736527737], [73.05970827608024, 22.313470578395904], [72.9465483794298, 22.29284926250764], [72.65906107442595, 22.279101718582133], [72.51531742192404, 22.32171910475121], [72.46026666139139, 22.25710564830132], [72.37616133279984, 22.314845332788455], [72.37616133279984, 22.472942087931806], [72.43885803229536, 22.50868570213813], [72.42662452995476, 22.57054964980292], [72.50920067075374, 22.610417527186897], [72.57648493362699, 22.50456143896048], [72.65294432325567, 22.500437175782828], [72.68811564248486, 22.604918509616695], [72.74010802743236, 22.646161141393222], [72.8303301071942, 22.593920474476285], [72.91749381137089, 22.595295228868835], [72.98477807424413, 22.653034913355974], [73.00312832775502, 22.723147387376073], [73.096408783102, 22.728646404946275], [73.2187438065079, 22.62828933429006]]]}}, {"type": "Feature", "properties": {"district": "Morbi", "dt_code": "727", "st_nm": "Gujarat", "st_code": "24", "year": "update2014"}, "geometry": {"type": "Polygon", "coordinates": [[[70.9815420659727, 22.41520240344467], [70.79498115527873, 22.47569159671691], [70.69405476096887, 22.437198473725484], [70.58089486431842, 22.603543755224145], [70.64512075160651, 22.70665033466546], [70.64512075160651, 22.863372335416262], [70.57936567652585, 22.91698775672575], [70.49678953572688, 22.933484809436358], [70.56101542301496, 23.029717616914922], [70.68946719759116, 23.117701898038177], [70.81638978437476, 23.16444354738491], [70.9647210002544, 23.154820266637053], [71.12222734288949, 23.205686179161436], [71.30878825358346, 23.171317319347665], [71.3470179483978, 23.098455336542468], [71.2537374930508, 22.837252001957797], [71.12528571847463, 22.79738412457382], [71.16198622549639, 22.683279509992097], [71.1099938405489, 22.64203687821557], [71.09470196262316, 22.56367587784017], [71.16351541328896, 22.50456143896048], [71.08246846028257, 22.402829613911713], [70.9815420659727, 22.41520240344467]]]}}, {"type": "Feature", "properties": {"dt_code": "469", "district": "Banaskantha", "st_nm": "Gujarat", "st_code": "24", "year": "2011_c"}, "geometry": {"type": "Polygon", "coordinates": [[[72.99680066991831, 24.307907043974293], [73.0013005309984, 24.289007294389485], [73.02792470905565, 24.273754864899992], [73.01405013739202, 24.2346290675139], [72.99155083199153, 24.22335553267384], [72.99192582041488, 24.183898160733627], [72.95667690862079, 24.15903006917467], [72.95292702438738, 24.138472446819264], [72.94280233695716, 24.13515670127807], [72.94655222119057, 24.108962311502637], [72.92742781160017, 24.088404689147232], [72.92330293894341, 24.04065795335403], [72.89855370300288, 24.02540552386454], [72.86667968701886, 24.0247423747563], [72.8561800111653, 24.045299997111705], [72.8389305436916, 24.039663229691673], [72.82055611094788, 24.04762101899054], [72.8198061341012, 24.0486157426529], [72.7826822801904, 24.10199924586613], [72.77030766222013, 24.099346649433173], [72.75905800951989, 24.080115325294244], [72.7346837620027, 24.07646800519893], [72.72980891249927, 24.09404145656726], [72.71443438714226, 24.098351925770814], [72.68593526696833, 24.07282068510362], [72.670185753188, 24.07116281233302], [72.6521863088676, 24.08376264538956], [72.63718677193395, 24.07580485609069], [72.61993730446025, 24.05392093551881], [72.63681178351061, 24.04231582612463], [72.63981169089733, 24.02374765109394], [72.64843642463418, 24.026731822081018], [72.65068635517424, 23.993905941223193], [72.59106319586296, 23.97732721351722], [72.58431340424282, 23.935880394252294], [72.53481493236175, 23.934885670589935], [72.52469024493153, 23.943838183551158], [72.4871914025974, 23.93190149960286], [72.48644142575073, 23.934885670589935], [72.48044161097725, 23.9531222710665], [72.48006662255392, 23.95411699472886], [72.46506708562026, 23.969700998772474], [72.46244216665687, 23.970364147880712], [72.43806791913968, 23.96704840233952], [72.42981817382618, 23.98362713004549], [72.41406866004584, 23.97235359520543], [72.37019501451489, 23.971690446097192], [72.36119529235471, 24.009821519820925], [72.34432081330435, 24.01380041447036], [72.33982095222424, 24.03767378236696], [72.3094468899336, 24.038336931475197], [72.29932220250338, 24.05325778641057], [72.2704480939061, 24.055578808289408], [72.25582354539578, 24.081441623510724], [72.22582447152847, 24.07215753599538], [72.22394952941177, 24.076136430644812], [72.20632507351472, 24.113935929814428], [72.22357454098842, 24.130846232074518], [72.21457481882823, 24.144440788793414], [72.20370015455133, 24.149082832551088], [72.1770759764941, 24.11824639901798], [72.1489518447435, 24.12951993385804], [72.14970182159017, 24.15239857809228], [72.12982743515309, 24.155051174525237], [72.11220297925604, 24.13581985038631], [72.08970367385555, 24.138472446819264], [72.09307856966564, 24.12388316643801], [72.14820186789682, 24.12388316643801], [72.1470769026268, 24.104320267744964], [72.157201590057, 24.09437303112138], [72.13245235411647, 24.05259463730233], [72.10132831497914, 24.054252510072928], [72.1009533265558, 24.034358036825765], [72.0900786622789, 24.04132110246227], [72.06082956525827, 24.032368589501047], [72.03158046823765, 24.05292621185645], [72.02858056085091, 24.067183917683586], [72.01320603549392, 24.068510215900066], [72.02745559558089, 24.019105607336268], [72.05032988940471, 23.999542708643222], [72.05032988940471, 23.999211134089105], [72.04658000517131, 23.992579643006714], [72.03983021355116, 23.980311384504297], [72.03908023670448, 23.980642959058414], [72.03870524828113, 23.979979809950176], [72.0120810702239, 23.984953428261967], [72.01133109337721, 23.98362713004549], [72.00270635964036, 23.97102729698895], [72.00008144067696, 23.96704840233952], [71.99558157959687, 23.981637682720773], [71.98845679955339, 23.993242792114955], [71.96108264464947, 23.990921770236117], [71.94908301510254, 24.007832072496207], [71.92545874443204, 24.009158370712687], [71.92883364024212, 23.97931666084194], [71.9487080266792, 23.973016744313668], [71.92920862866545, 23.952127547404146], [71.93820835082565, 23.927591030399306], [71.97420723946642, 23.905375535273304], [71.97758213527649, 23.889128382121452], [71.88945985579127, 23.87818642183551], [71.86733553881413, 23.869565483428406], [71.86133572404067, 23.847018413748284], [71.82796175436329, 23.844365817315328], [71.81521214796967, 23.85497620304715], [71.77883827090557, 23.84469739186945], [71.7664636529353, 23.826792365947], [71.76158880343186, 23.841381646328255], [71.71434026209086, 23.869897057982527], [71.71734016947758, 23.927591030399306], [71.69784077146383, 23.93024362683226], [71.6884660608803, 23.970695722434833], [71.67961354728178, 23.97132698240623], [71.67963122762154, 23.971328910046875], [71.67967810759228, 23.971338627443046], [71.67972384324742, 23.97135278404202], [71.67976801525329, 23.971371250047056], [71.67981021861277, 23.97139385615005], [71.67985006637856, 23.971420395083836], [71.67988719320091, 23.97145062352254], [71.67992125867747, 23.97148426431255], [71.67995195047418, 23.971521009013657], [71.67997898718909, 23.971560520727003], [71.68000212093236, 23.971602437183996], [71.68211992093237, 23.975915837183994], [71.68213862003694, 23.9759589289785], [71.68215319269883, 23.976003585409064], [71.68216351029629, 23.976049412327445], [71.68216948176374, 23.9760960052544], [71.6821710543956, 23.976142952949708], [71.68204281848949, 23.985636893773716], [71.6824545306953, 23.98894747824086], [71.68464033168546, 23.992564596880957], [71.6889710346696, 23.99675382535359], [71.68897143958927, 23.996754217487467], [71.69107423958927, 23.998792917487467], [71.69110930363112, 23.998830603240254], [71.69114030722962, 23.998871694356982], [71.69116692178345, 23.998915755320635], [71.69118886520997, 23.99896231913734], [71.69120590493492, 23.999010892285966], [71.69245050493492, 24.003244992285964], [71.69246138230187, 24.003289413225033], [71.69246815538479, 24.003334642223336], [71.69247076751908, 24.003380300888384], [71.69251366751908, 24.007143800888386], [71.69251178085446, 24.007193265996293], [71.69250501228738, 24.007242302135044], [71.69249342815948, 24.007290428680573], [71.6924771420117, 24.00733717392412], [71.69245631347152, 24.00738207969566], [71.69243114668832, 24.007424705854614], [71.69240188833245, 24.007464634603853], [71.68956948833245, 24.01095363460385], [71.68953904637802, 24.01098781007574], [71.68950560697334, 24.01101905878264], [71.68946945029721, 24.011047118900958], [71.68943087929564, 24.01107175532332], [71.68466727929564, 24.013815855323323], [71.68462288721112, 24.01383855855995], [71.67878638721112, 24.01646505855995], [71.67873684364956, 24.016484257925697], [71.67868554244775, 24.01649809146577], [71.67863306293586, 24.01650640296187], [71.6785799977503, 24.016509098554597], [71.67852694614143, 24.016506147803366], [71.67170344614144, 24.015761347803362], [71.67164697967988, 24.015751886926314], [71.67159196496965, 24.015736032869018], [71.66500297263252, 24.013421106526764], [71.66351375499288, 24.013575682948613], [71.66260639827473, 24.01561318329169], [71.66136637349392, 24.018816024316568], [71.66134642720846, 24.018860870856575], [71.66132217999538, 24.0189035456631], [71.66129386550726, 24.018943637510365], [71.66126175659005, 24.01898076006267], [71.6612261626538, 24.019014555597238], [71.66118742669116, 24.01904469845131], [71.66114592197212, 24.019070898160333], [71.66110204844723, 24.019092902256947], [71.66105622889343, 24.019110498703828], [71.6610089048401, 24.019123517936936], [71.6609605323144, 24.019131834499483], [71.65808819535431, 24.01948156229476], [71.65606774292121, 24.02806877338717], [71.65529552379577, 24.03211482657531], [71.65657363536464, 24.033833480839768], [71.65986182574052, 24.034089782343024], [71.66436369131861, 24.034363924486925], [71.6644149948445, 24.034369719195205], [71.66446542729734, 24.034380773520745], [71.66451445094002, 24.034396969596564], [71.66456154305688, 24.03441813473165], [71.66460620152719, 24.034444043252286], [71.67040693790689, 24.03822254741888], [71.67727714327363, 24.041184350285395], [71.67732290327102, 24.04120691241922], [71.6773661258034, 24.041234020350515], [71.67740636083305, 24.041265391828546], [71.67744318942844, 24.041300700210066], [71.67747622812624, 24.041339577860352], [71.67750513292393, 24.041381619981077], [71.67752960286158, 24.041426388825098], [71.67754938315558, 24.04147341825433], [71.67913718315559, 24.04586281825433], [71.67913819835971, 24.045865651365304], [71.6811551983597, 24.051548251365304], [71.68117098559983, 24.05160216410299], [71.68118062548392, 24.05165750751155], [71.681183996325, 24.051713582975584], [71.68120677311235, 24.05765420108936], [71.68403926842987, 24.06369594601263], [71.69305524748012, 24.063129483948657], [71.69310591118793, 24.063128873061153], [71.70121691118793, 24.063442373061154], [71.70126525233249, 24.063446597979507], [71.70131295626888, 24.0634554890225], [71.70135957368016, 24.063468962446596], [71.70204617368016, 24.063704062446593], [71.70205809841042, 24.063708315035594], [71.70612305275299, 24.065216232635958], [71.70944566170526, 24.065623167493857], [71.71926203310936, 24.06121875075909], [71.72625571389953, 24.057597351479203], [71.7333933408977, 24.05248471952427], [71.73343604194831, 24.052457300706898], [71.73348130228707, 24.052434351349504], [71.73352865570148, 24.052416107846184], [71.73357761441892, 24.052402758117523], [71.73362767413107, 24.052394439674874], [71.73367831918861, 24.05239123820389], [71.73372902791273, 24.05239318668192], [71.73377927796885, 24.0524002650383], [71.73382855174697, 24.052412400361117], [71.7338763416934, 24.052429467648228], [71.73392215553896, 24.052451291094886], [71.73396552136965, 24.052477645904638], [71.73581092136966, 24.053731645904637], [71.7358534978821, 24.05376403807811], [71.73589236983005, 24.05380079381204], [71.73842013431359, 24.056461136148418], [71.74150569045337, 24.059552583993835], [71.74151585190465, 24.05956306656025], [71.74570372309408, 24.06401142877452], [71.74858989005047, 24.066500244546965], [71.75135206927256, 24.065959854157875], [71.75448125799234, 24.065303431988625], [71.75773429220635, 24.06399188183479], [71.75995564942522, 24.062977758006785], [71.75999881969598, 24.062960428177895], [71.76004341370512, 24.062947185459322], [71.76008904544776, 24.062938144479784], [71.76013531993638, 24.06293338349783], [71.7601818366199, 24.062932943724423], [71.7602281928508, 24.06293682896624], [71.76027398737041, 24.0629450055927], [71.76803854522406, 24.064707615004014], [71.77554569469825, 24.06631356242822], [71.77554987428127, 24.066314475250902], [71.78088691018021, 24.067504030176327], [71.78678220503944, 24.066081352788068], [71.78684190974862, 24.066070727710713], [71.78954560974861, 24.065757227710712], [71.78958148331216, 24.065754371837162], [71.79407050465859, 24.065559214321404], [71.79928921659693, 24.064973321532023], [71.79932388525451, 24.064970646031423], [71.80390859045546, 24.064776863398112], [71.80903697057917, 24.06351026899088], [71.81421916394588, 24.06079530128744], [71.81426347865208, 24.060774777195704], [71.81430958424363, 24.06075867421597], [71.81435704086734, 24.060747145972687], [71.81440539578105, 24.060740302446753], [71.8144541876728, 24.060738208926267], [71.81450295106175, 24.060740885383677], [71.81455122073908, 24.060748306285245], [71.81459853620592, 24.06076040083463], [71.81464444606678, 24.060777053648312], [71.81468851233579, 24.060798105856342], [71.81473031461519, 24.060823356618002], [71.8179918146152, 24.063017756618002], [71.81802810958695, 24.06304463506284], [71.82106356458524, 24.065512413760104], [71.82480255046434, 24.066233240439953], [71.82486506554214, 24.066249543289985], [71.82872472989884, 24.067527532683794], [71.83202289211032, 24.06795219299124], [71.83618413176102, 24.068461402051984], [71.83619099035242, 24.068462289519427], [71.83992469035242, 24.06897168951943], [71.83997036475324, 24.06898009784839], [71.84001506197333, 24.06899270774144], [71.84005839639174, 24.069009410407947], [71.84009999414494, 24.06903006174726], [71.84304104679943, 24.070664619970053], [71.84816417148198, 24.072925404286945], [71.85206361648194, 24.07452949575045], [71.8521049359507, 24.07454873964129], [71.85214433123917, 24.074571666417768], [71.85218147495269, 24.07459808554683], [71.85221605840827, 24.074627777472216], [71.85224779420001, 24.074660495439087], [71.85227641858751, 24.074695967544663], [71.85230169368769, 24.0747338989979], [71.85418989368769, 24.077868398997897], [71.85421430891455, 24.0779141392201], [71.85423385612401, 24.07796216190049], [71.85424832512327, 24.078011950647113], [71.85425756032595, 24.078062970077347], [71.85426146242511, 24.078114671574923], [71.85425998946118, 24.078166499189255], [71.85425315727305, 24.078217895613594], [71.85314516096805, 24.084170570510494], [71.85310285198084, 24.08722312941974], [71.85309962137323, 24.0872733653511], [71.85309135582767, 24.087323021834877], [71.85307813912655, 24.087371595535952], [71.85221983912656, 24.089996495535953], [71.8522017712886, 24.090043570770426], [71.85217905397391, 24.090088586857348], [71.85215191821977, 24.090131085978708], [71.85212063999947, 24.09017063591428], [71.85074733999947, 24.09173773591428], [71.8507102706171, 24.091775758050858], [71.85066937788753, 24.091809634394355], [71.85062512305164, 24.091838982843736], [71.84590442305164, 24.094620482843737], [71.84585309983268, 24.094646858416485], [71.84579907952362, 24.094667145107913], [71.84221387300094, 24.095782099995315], [71.84203856176309, 24.097767244357314], [71.84418571380347, 24.10372252198499], [71.85244656140011, 24.110450921346732], [71.85247746451452, 24.110478289419575], [71.85250600474434, 24.110508113389354], [71.85253198755778, 24.110540189974234], [71.85570778755779, 24.114809789974235], [71.85573426990308, 24.114849166307202], [71.85575690012256, 24.11489087581903], [71.85577547438037, 24.11493454282209], [71.85680547438037, 24.11771554282209], [71.85682154813232, 24.11776744077461], [71.8568318960765, 24.117820776344622], [71.85683639603418, 24.11787491979629], [71.85696509603417, 24.122379319796288], [71.85696446826584, 24.122422427805613], [71.85696012929213, 24.1224653214866], [71.85695211137238, 24.122507681934238], [71.85538798307606, 24.129182143123924], [71.85570432867556, 24.130913937219788], [71.85691565483296, 24.13407798538361], [71.85906957055286, 24.1375851470972], [71.86098545590698, 24.14020775840994], [71.8645716143254, 24.142810892547995], [71.86798738873155, 24.14288252528121], [71.87171688582521, 24.14031115754084], [71.87175966525872, 24.140284733505624], [71.87180488233399, 24.14026273974125], [71.87185207975999, 24.14024539867589], [71.87190078021789, 24.140232885683876], [71.87195049118834, 24.140225327312073], [71.88126309118834, 24.139285427312075], [71.88131658543708, 24.139282910794215], [71.8813700419957, 24.13928613008754], [71.88142284761751, 24.139295048260742], [71.88961964761751, 24.141135648260743], [71.88966294616897, 24.14114743482733], [71.88970501358263, 24.141163055980268], [71.88974551101593, 24.141182385895068], [71.90156515724793, 24.147490220753273], [71.91085196299434, 24.14922358470594], [71.92237963698244, 24.14767753701985], [71.9224262073547, 24.147673495874056], [71.92247295159906, 24.14767382152898], [71.92251946114645, 24.147678511138224], [71.92256532947913, 24.147687523712165], [71.93121312947912, 24.149810923712163], [71.93125926129716, 24.149824635992683], [71.93130386109485, 24.149842719944633], [71.9313465156691, 24.149865008025895], [71.93138682983874, 24.149891293744414], [71.93142443010568, 24.14992133357129], [71.93145896811528, 24.14995484919698], [71.93149012388375, 24.149991530109773], [71.9315176087627, 24.15003103647256], [71.93154116811341, 24.15007300227133], [71.9315605836659, 24.150117038706174], [71.93157567554118, 24.15016273779339], [71.93158630391778, 24.15020967614533], [71.93159237032717, 24.15025741889294], [71.93159381856593, 24.1503055237147], [71.93159063521662, 24.150353544934585], [71.93158284977196, 24.150401037651115], [71.93157053436163, 24.150447561859227], [71.93155380308403, 24.150492686526785], [71.9315328109492, 24.150535993587955], [71.93150775244263, 24.15057708181645], [71.93147885972351, 24.150615570542776], [71.92698854315788, 24.156033153151878], [71.923465089085, 24.163067096477153], [71.92550331961893, 24.16664049539197], [71.92728359967485, 24.168922118114402], [71.92731079858167, 24.168960584345754], [71.92733425642737, 24.16900143971213], [71.92735376495963, 24.169044321510786], [71.92736915098703, 24.169088849048865], [71.92800144719043, 24.171242506693595], [71.92948594325495, 24.174338204811658], [71.9295045748249, 24.174382372709218], [71.92951889109763, 24.174428121839366], [71.92952876048145, 24.17447503168734], [71.93000086048146, 24.17741143168734], [71.9300063008961, 24.17746082842149], [71.93000681092167, 24.177510521231135], [71.93000238551984, 24.177560019223773], [71.92999306840716, 24.177608833431414], [71.92997895162308, 24.177656481640863], [71.92860610889365, 24.18156542883911], [71.92969923681534, 24.18777866292418], [71.92970365475217, 24.187809305757042], [71.93064775475217, 24.196186605757045], [71.93065021987817, 24.196216529724627], [71.93086481987817, 24.200326729724626], [71.93086502735271, 24.200374535314253], [71.93065042735272, 24.205306535314254], [71.93064607107243, 24.205354122500125], [71.93063719186505, 24.205401076489444], [71.93062387083383, 24.2054469684012], [71.93060622965403, 24.205491379055466], [71.92927612928577, 24.208423109666494], [71.94824534590938, 24.216141709615346], [71.95936478634486, 24.21684108607499], [71.95942165225983, 24.216847950085203], [71.95947736000619, 24.216861272769552], [71.97119326000619, 24.22038367276955], [71.971239283602, 24.22040000002057], [71.97128349494388, 24.220420739059822], [71.9713254722997, 24.220445692057563], [71.9823117722997, 24.227725092057565], [71.9823503892843, 24.227753431588823], [71.98238611725812, 24.2277853363286], [71.982418628324, 24.22782051346789], [71.9824476241083, 24.227858640164904], [71.98247283849928, 24.22789936650798], [71.98249404008928, 24.227942318726953], [71.98251103429853, 24.22798710262344], [71.98252366516094, 24.228033307188664], [71.98432606516094, 24.23613410718866], [71.98433408637388, 24.23618026355509], [71.9843377524445, 24.236226968051078], [71.98433703118837, 24.236273810657842], [71.98433192893741, 24.236320380144143], [71.98432249048426, 24.23636626767645], [71.98184144635063, 24.24609407278124], [71.98696242494243, 24.249035325810212], [71.98702090666217, 24.24907464164216], [71.99787621306731, 24.257541371574444], [72.01080617065139, 24.257810956971028], [72.02373078395952, 24.256211286265838], [72.02376924118055, 24.256208027385526], [72.0238078351974, 24.256207744519187], [72.0325626351974, 24.256481644519187], [72.03260822183677, 24.25648516226796], [72.03265329653517, 24.256492829588893], [72.03269748237503, 24.256504582367352], [72.0327404098715, 24.256520322325844], [72.03278172006205, 24.256539917845807], [72.03282106750818, 24.256563205068236], [72.04625356750819, 24.265366305068234], [72.0462927711543, 24.265394806294783], [72.04632903099666, 24.265426969466507], [72.04636200630213, 24.265462492346625], [72.05202680630214, 24.272191592346626], [72.05205667920868, 24.272230857381597], [72.052082536971, 24.272272875349703], [72.05210412782412, 24.272317237141568], [72.05212124154798, 24.272363510827095], [72.0521337115142, 24.27241124586096], [72.05214141630854, 24.272459977469392], [72.05214428091301, 24.27250923117542], [72.052230080913, 24.28232843117542], [72.05222791838592, 24.282379456774784], [72.05222056204333, 24.282429995596868], [72.05220808863507, 24.282479520362394], [72.05219062829813, 24.282527514371893], [72.05216836319887, 24.28257347689651], [72.05214152563249, 24.282616928402177], [72.05211039559944, 24.282657415552684], [72.05207529788412, 24.28269451593938], [72.05203659866636, 24.282727842488242], [72.05199470170105, 24.282757047498286], [72.05195004410564, 24.282781826269158], [72.04276614410564, 24.28728032626916], [72.04272572479175, 24.287297959243077], [72.04268390903155, 24.287311962275023], [72.0426410220919, 24.28732222644142], [72.02481477772868, 24.29076535282156], [72.020508201547, 24.29689153246745], [72.02332557508942, 24.302696870892326], [72.02674395572441, 24.30778777227902], [72.03510761777673, 24.31144488125085], [72.03515053263087, 24.31146615004031], [72.03519121553752, 24.311491427445574], [72.03522929318282, 24.31152048151651], [72.03526441615931, 24.311553045647603], [72.03529626217204, 24.31158882102438], [72.03532453899614, 24.311627479365384], [72.03534898715826, 24.31166866593455], [72.03536938231754, 24.31171200279632], [72.03538553732426, 24.31175709228366], [72.03539730393707, 24.311803520647118], [72.03540457418339, 24.311850861851465], [72.03540728135007, 24.31189868148508], [72.03544815005321, 24.31663030560462], [72.04045849649765, 24.320705505736097], [72.04049400410362, 24.320737315572877], [72.04052632086356, 24.320772362439016], [72.04055515299795, 24.32081032773665], [72.04058023840474, 24.320850866337565], [72.04060134904196, 24.320893609720617], [72.04061829300073, 24.320938169321817], [72.04063091624994, 24.320984140066624], [72.04063910403637, 24.32103110405231], [72.04064278192794, 24.321078634346986], [72.04064191649032, 24.32112629887065], [72.04063651559088, 24.321173664323076], [72.04062662832716, 24.321220300122786], [72.04061234458057, 24.321265782321298], [72.04059379419924, 24.321309697457078], [72.0405711458177, 24.32135164631418], [72.04054460532386, 24.321391247551347], [72.0342292789163, 24.32990657257489], [72.02912931686986, 24.342090730185703], [72.04536811279942, 24.340343569112434], [72.04541824615698, 24.34034071124839], [72.04546841334168, 24.34034289631275], [72.0455181083631, 24.34035010226677], [72.04556682999308, 24.34036225643059], [72.0456140868212, 24.340379236216304], [72.04565940221113, 24.340400870364366], [72.04570231910805, 24.34042694067095], [72.04574240464855, 24.340457184188764], [72.04577925452651, 24.340491295879154], [72.04581249707098, 24.340528931688752], [72.04584179699486, 24.340569712019633], [72.04586685877669, 24.34061322555797], [72.04588742964123, 24.34065903342257], [72.05005012964124, 24.351333033422566], [72.05006547253492, 24.351378784615857], [72.0500763336412, 24.351425801766393], [72.05008261179641, 24.351473646942125], [72.05008424852393, 24.351521874498534], [72.05008122857876, 24.35157003522948], [72.05007358008959, 24.351617680551257], [72.05006137429679, 24.351664366680847], [72.0500447248888, 24.351709658769426], [72.0500237869433, 24.351753134952702], [72.04999875548268, 24.351794390280276], [72.04996986365758, 24.351833040487467], [72.04993738057524, 24.35186872557449], [72.04990160879298, 24.351901113159585], [72.04986288150008, 24.351929901574927], [72.0498215594143, 24.35195482267645], [72.0425689594143, 24.355864522676452], [72.04252618313338, 24.355885025998866], [72.04248165635146, 24.35590138332535], [72.04243577984452, 24.355913447427113], [72.04238896653722, 24.35592110971776], [72.04234163778608, 24.355924301230655], [72.04229421958706, 24.35592299323967], [72.0422471387412, 24.35591719751776], [72.02982519233396, 24.353785661974], [72.02538561787637, 24.354999028416522], [72.02041384809874, 24.362094702252623], [72.01934647369373, 24.37245334222597], [72.02535217440979, 24.375521199578294], [72.0321149656359, 24.377536428291545], [72.04244112148058, 24.374336999374176], [72.04248836685119, 24.374324852276445], [72.04253657107122, 24.37431736694434], [72.0425852752988, 24.374314614628553], [72.0426340159326, 24.374316621527576], [72.04268232902476, 24.37432336853832], [72.04272975469702, 24.374334791437963], [72.04277584151829, 24.374350781495252], [72.04282015080156, 24.374371186505503], [72.04286226077969, 24.37439581223938], [72.04290177062008, 24.37442442429171], [72.04293830424011, 24.374456750312714], [72.04297151388691, 24.37449248260044], [72.04300108344755, 24.374531281029665], [72.04544728344754, 24.378088381029663], [72.04547609802688, 24.378135697670583], [72.04886639802689, 24.384467997670583], [72.04888750311514, 24.384512569824153], [72.04890411462212, 24.38455900428829], [72.04891607094434, 24.384606849329646], [72.04892325576586, 24.38465563949222], [72.04935245576586, 24.38907233949222], [72.04935479923212, 24.389121576287017], [72.04935228319826, 24.38917080456517], [72.04934493211763, 24.38921954587629], [72.04933281743553, 24.389267326502843], [72.0493160568947, 24.389313682064184], [72.0492948133911, 24.38935816202991], [72.04926929339068, 24.389400334098568], [72.0492397449227, 24.389439788399173], [72.04920645516917, 24.38947614147478], [72.04916974767372, 24.389509040009298], [72.04912997919703, 24.389538164261367], [72.04908753624956, 24.38956323117194], [72.03400181268634, 24.39749712362208], [72.03290061529417, 24.39986099558727], [72.03188171179696, 24.406123987647028], [72.03187162664985, 24.40617136626105], [72.03185700416994, 24.40621754662852], [72.03183798160049, 24.406262095310993], [72.03181473748302, 24.406304594184643], [72.03178748998154, 24.40634464436469], [72.03175649483492, 24.406381869949236], [72.03172204295657, 24.406415921547392], [72.031684457704, 24.406446479558586], [72.03164409184387, 24.40647325717226], [72.03160132424097, 24.406496003059807], [72.02435207677436, 24.409911833066797], [72.02267108681288, 24.412581613861278], [72.0229128704782, 24.416214190428388], [72.0247749752666, 24.421146603567532], [72.02477606876054, 24.421149527649355], [72.02846676876055, 24.431113427649354], [72.02848112137055, 24.431158658935516], [72.02849112138017, 24.431205047150286], [72.02849667871466, 24.43125217445336], [72.02918337871466, 24.44105907445336], [72.02918398337135, 24.441069175648707], [72.02942568337134, 24.44593137564871], [72.02942566215653, 24.445981447507148], [72.02942063295559, 24.44603126616425], [72.02941064620519, 24.446080332000374], [72.02939580206011, 24.44612815294573], [72.02937624938882, 24.44617424941526], [72.02935218428047, 24.446218159118267], [72.0293238480784, 24.446259441694615], [72.02929152495975, 24.44629768313102], [72.0292555390855, 24.44633249991307], [72.02921625134957, 24.446363542871406], [72.02917405575943, 24.446390500683474], [72.02912937548481, 24.446413102995688], [72.0290826586137, 24.44643112313475], [72.02903437365867, 24.446444380380907], [72.02898500485823, 24.446452741780337], [72.00698080485823, 24.449054241780335], [72.0069318964146, 24.449057604021046], [72.0068828937945, 24.4490561605034], [72.00683426807782, 24.449049925104447], [72.00678648672124, 24.44903895776734], [71.97681271565864, 24.440592670462767], [71.96652014378884, 24.439106377419936], [71.95620152149634, 24.43904241353614], [71.95463684391889, 24.440051432547797], [71.94882503826351, 24.444853036531377], [71.94769426393324, 24.446139838145225], [71.94609896044152, 24.44941670608704], [71.94575705524757, 24.474969489576342], [71.94575403858703, 24.47501804527785], [71.94574631739619, 24.475066077970897], [71.94573396477175, 24.475113132928758], [71.94571709765633, 24.475158764680938], [71.94569587573135, 24.475202541230473], [71.94567049990529, 24.475244048143654], [71.94564121041178, 24.475282892473473], [71.94560828453517, 24.475318706479662], [71.94557203398558, 24.47535115111011], [71.94553280194792, 24.475379919210674], [71.94549095983287, 24.475404738433014], [71.9454469037608, 24.475425373812907], [71.94540105081168, 24.475441629994695], [71.94535383507655, 24.475453353080685], [71.94530570354796, 24.47546043208812], [71.94525711188835, 24.47546279999986], [71.94162563983193, 24.475462886344243], [71.94238013452845, 24.480888532287445], [71.94238414616373, 24.480929954271723], [71.94238469927322, 24.480971566386174], [71.94238179002524, 24.48101308036304], [71.94111909002524, 24.49228138036304], [71.94111174961822, 24.49232739154988], [71.94110015813679, 24.492372519683546], [71.94108441623729, 24.492416372887412], [71.94106466061673, 24.49245857035589], [71.94104106282587, 24.4924987456612], [71.94101382777956, 24.492536549935316], [71.94098319197718, 24.49257165489939], [71.9346225137108, 24.499208802769306], [71.93091911852021, 24.510084320667577], [71.93184841547041, 24.517310020330807], [71.93185233647742, 24.517361013450845], [71.93193482796181, 24.52058567183792], [71.93452624812299, 24.524844806789197], [71.93455073026448, 24.524890153724797], [71.93457041479219, 24.52493777975958], [71.93458509259976, 24.524987178967923], [71.93552919259976, 24.528891378967923], [71.93553811477808, 24.528937770804628], [71.9355426187378, 24.528984797628098], [71.93554266427103, 24.529032039619015], [71.93553825097126, 24.529079075037203], [71.93552941823707, 24.529125483986615], [71.93551624492031, 24.529170852163833], [71.93388554492032, 24.53393395216383], [71.93386816872487, 24.53397783005897], [71.93384673306453, 24.534019874253758], [71.93382142890543, 24.534059710184557], [71.9337924816775, 24.534096982960737], [71.93376014926596, 24.534131360526313], [71.93372471971409, 24.534162536618172], [71.93089231971409, 24.536426936618174], [71.93085528771407, 24.53645385864709], [71.93081594835898, 24.53647728042774], [71.93077463149592, 24.536497005576493], [71.93073168355266, 24.536512868704705], [71.93068746463305, 24.536524736805465], [71.93064234549765, 24.536532510368794], [71.9259665187117, 24.537119172497775], [71.92529887235673, 24.538941134026455], [71.9230792805566, 24.544998363844908], [71.92156255620694, 24.552049610437965], [71.92291791132749, 24.55944617997918], [71.92292458612431, 24.559497420907043], [71.92292593671924, 24.55954907709248], [71.92292194868693, 24.559600596809087], [71.92291266462253, 24.559651429788037], [71.92289818368674, 24.55970103309538], [71.92287866054669, 24.559748876930964], [71.92285430372402, 24.559794450287107], [71.92282537336767, 24.559837266406532], [71.92279217847535, 24.559876867981302], [71.91807157847535, 24.5649510679813], [71.9180400773495, 24.56498206156582], [71.91800596260818, 24.565010152625522], [71.91796950074524, 24.565035121721667], [71.91793097658957, 24.56505677380335], [71.91561347658957, 24.566227673803347], [71.91557307488779, 24.5662458860449], [71.9155312192501, 24.566260449315205], [71.91548823849156, 24.566271249206192], [71.91544447026617, 24.566278200874635], [71.91270343796742, 24.566589768006242], [71.90755919008681, 24.567291610516808], [71.90755836598143, 24.567291722253508], [71.90306381158598, 24.567897312281332], [71.90066482611226, 24.56986092321163], [71.8993476492194, 24.572032111832012], [71.89482632331742, 24.58126410471846], [71.89320724103962, 24.58661090850012], [71.89319131768612, 24.58665569680148], [71.89317121311048, 24.58669877058891], [71.89314710902147, 24.58673974055374], [71.8931192232762, 24.586778236402036], [71.89308780791106, 24.58681391020137], [71.8930531468638, 24.58684643952551], [71.89301555340724, 24.58687553036854], [71.8929753673178, 24.586900919802186], [71.89293295180461, 24.586922378352153], [71.89288869022675, 24.586939712072198], [71.89284298262835, 24.586952764297028], [71.89279624212291, 24.58696141705828], [71.89274889115958, 24.586965592150737], [71.88888649115958, 24.587121692150735], [71.88883846746099, 24.587121324748757], [71.88879070053544, 24.587116351677746], [71.88874363106352, 24.58710681881748], [71.88869769329135, 24.58709281411472], [71.88865331102438, 24.58707446677184], [71.88861089371755, 24.587051946054867], [71.88857083269777, 24.58702545973189], [71.88552013280875, 24.584790774425315], [71.88007102837645, 24.582235703830154], [71.88002914747933, 24.582213588546338], [71.87998954693553, 24.582187609857908], [71.87995258205623, 24.582158000855557], [71.87991858450442, 24.58212502720255], [71.8798878593191, 24.58208898475107], [71.87986068217835, 24.582050196887735], [71.87983729692581, 24.582009011632046], [71.87981791338294, 24.581965798513817], [71.87938871338294, 24.580873098513816], [71.87937233498316, 24.580824100106682], [71.87936110009147, 24.58077367319829], [71.87925394312796, 24.580140035838898], [71.87077074077145, 24.579398287828585], [71.86079490808757, 24.5808589921927], [71.85226275492404, 24.585775395828968], [71.84867682180061, 24.589258588858666], [71.84851237235365, 24.595238533920256], [71.84950290166545, 24.599816702698625], [71.85122325650605, 24.60182788761022], [71.85125271990219, 24.601865888948492], [71.85127839666632, 24.601906544787028], [71.85130004931983, 24.601949479109173], [71.85131747760227, 24.601994294825104], [71.85133052032336, 24.602040577444402], [71.85273862032336, 24.608148477444402], [71.85274754987785, 24.608198870211485], [71.85275128143297, 24.608249911796626], [71.85274977589444, 24.608301067453905], [71.8527430490353, 24.608351801242286], [71.85273117133063, 24.608401581640532], [71.85271426721926, 24.60844988711575], [71.8526925138, 24.60849621158734], [71.85266613897629, 24.608540069729024], [71.85263541906849, 24.60858100205345], [71.852600675919, 24.60861857972609], [71.85256227352039, 24.608652409058013], [71.85121012471, 24.609725793986634], [71.85233600188047, 24.609308313668855], [71.86546059669742, 24.6305290851325], [71.85758583980726, 24.6663391369774], [71.87183539989422, 24.681591566466892], [71.9187089528119, 24.671975904397428], [71.91533405700183, 24.64942883471731], [71.93970830451902, 24.633844830673695], [71.98808181113004, 24.657386624016173], [71.9839569384733, 24.685902035670445], [71.99370663748017, 24.694854548631668], [72.01245605864723, 24.69054407942812], [72.05820464629488, 24.712428], [72.08482882435212, 24.70679123257997], [72.08970367385555, 24.658712922232652], [72.1245775972263, 24.638486874431365], [72.15045179843686, 24.64346049274316], [72.16470135852383, 24.621244997617154], [72.19657537450784, 24.614613506534766], [72.19470043239114, 24.622902870387755], [72.23032433260857, 24.640476321756083], [72.25469858012576, 24.62489231771247], [72.27082308232943, 24.637492150769006], [72.3049470288535, 24.617597677521843], [72.3203215542105, 24.617597677521843], [72.33532109114415, 24.633181681565453], [72.34732072069107, 24.628539637807783], [72.33607106799083, 24.598697927937035], [72.31357176259036, 24.593724309625244], [72.29744726038668, 24.608976739114738], [72.27607292025621, 24.60731886634414], [72.24644883481224, 24.585434945772256], [72.26482326755597, 24.56023527965918], [72.28582261926309, 24.565208897970972], [72.29482234142328, 24.546640722940282], [72.32894628794735, 24.552277490360314], [72.33082123006406, 24.569187792620404], [72.35369552388788, 24.563551025200375], [72.38856944725862, 24.50751492555419], [72.41631859058589, 24.52110948227309], [72.44144281494975, 24.51480956574482], [72.43019316224951, 24.47999423756228], [72.45719232873009, 24.414674050400752], [72.50031599741435, 24.416995072279587], [72.49319121737086, 24.459105040652755], [72.50444087007111, 24.458110316990396], [72.52019038385144, 24.500220285363564], [72.53368996709173, 24.50386760545888], [72.53893980501852, 24.51945160950249], [72.5760636589293, 24.4786679393458], [72.68331034800494, 24.463747084410425], [72.6893101627784, 24.411689879413675], [72.72493406299583, 24.367258889161672], [72.80593156243756, 24.36294841995812], [72.85355509220192, 24.371237783811104], [72.89105393453605, 24.35698007798397], [72.9105533325498, 24.337085604736803], [72.95930182758418, 24.3609589726334], [72.96717658447434, 24.313212236840204], [72.99680066991831, 24.307907043974293]]]}}, {"type": "Feature", "properties": {"dt_code": "746", "district": "Vav-Tharad", "st_nm": "Gujarat", "st_code": "24", "year": "update2025"}, "geometry": {"type": "Polygon", "coordinates": [[[71.66521677863314, 23.97235359520543], [71.60521863089852, 23.94251188533468], [71.5868441981548, 23.963401082244204], [71.59171904765823, 23.97633248985486], [71.56059500852089, 23.97931666084194], [71.56584484644767, 23.995895388547908], [71.55459519374743, 24.000869006859702], [71.54597046001058, 23.981637682720773], [71.49797194182288, 23.969700998772474], [71.48747226596933, 23.975337766192503], [71.49122215020274, 24.014795138132715], [71.47922252065581, 24.025073949310418], [71.44247365516836, 23.980974533612535], [71.45447328471529, 23.964727380460683], [71.44472358570842, 23.941185587118202], [71.41622446553447, 23.92493843396635], [71.39522511382735, 23.965722104123042], [71.37422576212023, 23.95511171839122], [71.36597601680673, 23.970364147880712], [71.33560195451608, 23.970032573326595], [71.31910246388905, 23.98362713004549], [71.30935276488218, 23.993242792114955], [71.28497851736499, 23.991584919344355], [71.29172830898513, 24.01976875644451], [71.32172738285244, 24.052263062748214], [71.30522789222542, 24.062210299371795], [71.31572756807898, 24.07182596144126], [71.31647754492566, 24.095699329337858], [71.32622724393254, 24.10034137309553], [71.33635193136276, 24.1049834168532], [71.33635193136276, 24.105314991407322], [71.33597694293941, 24.10597814051556], [71.33372701239936, 24.116256951693263], [71.33260204712934, 24.116256951693263], [71.30185299641535, 24.121230570005054], [71.27297888781807, 24.14112504325222], [71.28535350578834, 24.149414407105205], [71.25797935088441, 24.15936164372879], [71.27260389939472, 24.17627194598888], [71.3022279848387, 24.159693218282907], [71.32885216289593, 24.171961476785327], [71.33747689663278, 24.163672112932343], [71.34347671140624, 24.17726666965124], [71.3584762483399, 24.172956200447686], [71.36072617887994, 24.185556033504223], [71.3258522555092, 24.18190871340891], [71.32960213974262, 24.19550327012781], [71.30297796168537, 24.207439954076108], [71.31010274172885, 24.22202923445736], [71.2906033437151, 24.225013405444436], [71.27972867943821, 24.236286940284497], [71.29172830898513, 24.247892049678676], [71.28535350578834, 24.241923707704526], [71.27410385308809, 24.25750771174814], [71.28385355209497, 24.265797075601128], [71.30260297326204, 24.259497159072858], [71.29472821637187, 24.300943978337784], [71.31422761438562, 24.32183317524731], [71.37497573896692, 24.33376985919561], [71.38210051901041, 24.347695990468626], [71.37122585473351, 24.3506801614557], [71.38397546112711, 24.3506801614557], [71.37347578527356, 24.378532424001733], [71.36185114414997, 24.383837616867645], [71.36597601680673, 24.39146383161239], [71.34610163036963, 24.386490213300597], [71.31910246388905, 24.40240579189833], [71.34310172298291, 24.42528443613257], [71.32060241758242, 24.44551048393386], [71.33110209343597, 24.460762913423352], [71.34910153775637, 24.457447167882158], [71.33147708185932, 24.47933108845404], [71.34835156090968, 24.517462162177775], [71.29247828583182, 24.519120034948372], [71.25722937403773, 24.508178074662432], [71.26022928142446, 24.533377740775506], [71.29735313533526, 24.564214174308614], [71.30635285749545, 24.588419116759333], [71.30672784591879, 24.58941384042169], [71.28797842475171, 24.593061160517003], [71.28497851736499, 24.593724309625244], [71.28797842475171, 24.615939804751246], [71.31385262596227, 24.64810253650083], [71.34797657248635, 24.661033944111487], [71.3584762483399, 24.63086065968662], [71.37722566950697, 24.625887041374828], [71.47772256696246, 24.679602119142174], [71.53059593465359, 24.68324943923749], [71.54184558735382, 24.675954799046863], [71.5733446149145, 24.683912588345727], [71.59021909396486, 24.667333860639758], [71.60784354986191, 24.676949522709222], [71.65546707962626, 24.639150023539607], [71.70796545889405, 24.661697093219725], [71.736464579068, 24.66037079500325], [71.79158787729918, 24.67728109726334], [71.81033729846624, 24.656060325799697], [71.80583743738615, 24.626550190483066], [71.85121012471, 24.609725793986634], [71.85256227352039, 24.608652409058013], [71.852600675919, 24.60861857972609], [71.85263541906849, 24.60858100205345], [71.85266613897629, 24.608540069729024], [71.8526925138, 24.60849621158734], [71.85271426721926, 24.60844988711575], [71.85273117133063, 24.608401581640532], [71.8527430490353, 24.608351801242286], [71.85274977589444, 24.608301067453905], [71.85275128143297, 24.608249911796626], [71.85274754987785, 24.608198870211485], [71.85273862032336, 24.608148477444402], [71.85133052032336, 24.602040577444402], [71.85131747760227, 24.601994294825104], [71.85130004931983, 24.601949479109173], [71.85127839666632, 24.601906544787028], [71.85125271990219, 24.601865888948492], [71.85122325650605, 24.60182788761022], [71.84950290166545, 24.599816702698625], [71.84851237235365, 24.595238533920256], [71.84867682180061, 24.589258588858666], [71.85226275492404, 24.585775395828968], [71.86079490808757, 24.5808589921927], [71.87077074077145, 24.579398287828585], [71.87925394312796, 24.580140035838898], [71.87936110009147, 24.58077367319829], [71.87937233498316, 24.580824100106682], [71.87938871338294, 24.580873098513816], [71.87981791338294, 24.581965798513817], [71.87983729692581, 24.582009011632046], [71.87986068217835, 24.582050196887735], [71.8798878593191, 24.58208898475107], [71.87991858450442, 24.58212502720255], [71.87995258205623, 24.582158000855557], [71.87998954693553, 24.582187609857908], [71.88002914747933, 24.582213588546338], [71.88007102837645, 24.582235703830154], [71.88552013280875, 24.584790774425315], [71.88857083269777, 24.58702545973189], [71.88861089371755, 24.587051946054867], [71.88865331102438, 24.58707446677184], [71.88869769329135, 24.58709281411472], [71.88874363106352, 24.58710681881748], [71.88879070053544, 24.587116351677746], [71.88883846746099, 24.587121324748757], [71.88888649115958, 24.587121692150735], [71.89274889115958, 24.586965592150737], [71.89279624212291, 24.58696141705828], [71.89284298262835, 24.586952764297028], [71.89288869022675, 24.586939712072198], [71.89293295180461, 24.586922378352153], [71.8929753673178, 24.586900919802186], [71.89301555340724, 24.58687553036854], [71.8930531468638, 24.58684643952551], [71.89308780791106, 24.58681391020137], [71.8931192232762, 24.586778236402036], [71.89314710902147, 24.58673974055374], [71.89317121311048, 24.58669877058891], [71.89319131768612, 24.58665569680148], [71.89320724103962, 24.58661090850012], [71.89482632331742, 24.58126410471846], [71.8993476492194, 24.572032111832012], [71.90066482611226, 24.56986092321163], [71.90306381158598, 24.567897312281332], [71.90755836598143, 24.567291722253508], [71.90755919008681, 24.567291610516808], [71.91270343796742, 24.566589768006242], [71.91544447026617, 24.566278200874635], [71.91548823849156, 24.566271249206192], [71.9155312192501, 24.566260449315205], [71.91557307488779, 24.5662458860449], [71.91561347658957, 24.566227673803347], [71.91793097658957, 24.56505677380335], [71.91796950074524, 24.565035121721667], [71.91800596260818, 24.565010152625522], [71.9180400773495, 24.56498206156582], [71.91807157847535, 24.5649510679813], [71.92279217847535, 24.559876867981302], [71.92282537336767, 24.559837266406532], [71.92285430372402, 24.559794450287107], [71.92287866054669, 24.559748876930964], [71.92289818368674, 24.55970103309538], [71.92291266462253, 24.559651429788037], [71.92292194868693, 24.559600596809087], [71.92292593671924, 24.55954907709248], [71.92292458612431, 24.559497420907043], [71.92291791132749, 24.55944617997918], [71.92156255620694, 24.552049610437965], [71.9230792805566, 24.544998363844908], [71.92529887235673, 24.538941134026455], [71.9259665187117, 24.537119172497775], [71.93064234549765, 24.536532510368794], [71.93068746463305, 24.536524736805465], [71.93073168355266, 24.536512868704705], [71.93077463149592, 24.536497005576493], [71.93081594835898, 24.53647728042774], [71.93085528771407, 24.53645385864709], [71.93089231971409, 24.536426936618174], [71.93372471971409, 24.534162536618172], [71.93376014926596, 24.534131360526313], [71.9337924816775, 24.534096982960737], [71.93382142890543, 24.534059710184557], [71.93384673306453, 24.534019874253758], [71.93386816872487, 24.53397783005897], [71.93388554492032, 24.53393395216383], [71.93551624492031, 24.529170852163833], [71.93552941823707, 24.529125483986615], [71.93553825097126, 24.529079075037203], [71.93554266427103, 24.529032039619015], [71.9355426187378, 24.528984797628098], [71.93553811477808, 24.528937770804628], [71.93552919259976, 24.528891378967923], [71.93458509259976, 24.524987178967923], [71.93457041479219, 24.52493777975958], [71.93455073026448, 24.524890153724797], [71.93452624812299, 24.524844806789197], [71.93193482796181, 24.52058567183792], [71.93185233647742, 24.517361013450845], [71.93184841547041, 24.517310020330807], [71.93091911852021, 24.510084320667577], [71.9346225137108, 24.499208802769306], [71.94098319197718, 24.49257165489939], [71.94101382777956, 24.492536549935316], [71.94104106282587, 24.4924987456612], [71.94106466061673, 24.49245857035589], [71.94108441623729, 24.492416372887412], [71.94110015813679, 24.492372519683546], [71.94111174961822, 24.49232739154988], [71.94111909002524, 24.49228138036304], [71.94238179002524, 24.48101308036304], [71.94238469927322, 24.480971566386174], [71.94238414616373, 24.480929954271723], [71.94238013452845, 24.480888532287445], [71.94162563983193, 24.475462886344243], [71.94525711188835, 24.47546279999986], [71.94530570354796, 24.47546043208812], [71.94535383507655, 24.475453353080685], [71.94540105081168, 24.475441629994695], [71.9454469037608, 24.475425373812907], [71.94549095983287, 24.475404738433014], [71.94553280194792, 24.475379919210674], [71.94557203398558, 24.47535115111011], [71.94560828453517, 24.475318706479662], [71.94564121041178, 24.475282892473473], [71.94567049990529, 24.475244048143654], [71.94569587573135, 24.475202541230473], [71.94571709765633, 24.475158764680938], [71.94573396477175, 24.475113132928758], [71.94574631739619, 24.475066077970897], [71.94575403858703, 24.47501804527785], [71.94575705524757, 24.474969489576342], [71.94609896044152, 24.44941670608704], [71.94769426393324, 24.446139838145225], [71.94882503826351, 24.444853036531377], [71.95463684391889, 24.440051432547797], [71.95620152149634, 24.43904241353614], [71.96652014378884, 24.439106377419936], [71.97681271565864, 24.440592670462767], [72.00678648672124, 24.44903895776734], [72.00683426807782, 24.449049925104447], [72.0068828937945, 24.4490561605034], [72.0069318964146, 24.449057604021046], [72.00698080485823, 24.449054241780335], [72.02898500485823, 24.446452741780337], [72.02903437365867, 24.446444380380907], [72.0290826586137, 24.44643112313475], [72.02912937548481, 24.446413102995688], [72.02917405575943, 24.446390500683474], [72.02921625134957, 24.446363542871406], [72.0292555390855, 24.44633249991307], [72.02929152495975, 24.44629768313102], [72.0293238480784, 24.446259441694615], [72.02935218428047, 24.446218159118267], [72.02937624938882, 24.44617424941526], [72.02939580206011, 24.44612815294573], [72.02941064620519, 24.446080332000374], [72.02942063295559, 24.44603126616425], [72.02942566215653, 24.445981447507148], [72.02942568337134, 24.44593137564871], [72.02918398337135, 24.441069175648707], [72.02918337871466, 24.44105907445336], [72.02849667871466, 24.43125217445336], [72.02849112138017, 24.431205047150286], [72.02848112137055, 24.431158658935516], [72.02846676876055, 24.431113427649354], [72.02477606876054, 24.421149527649355], [72.0247749752666, 24.421146603567532], [72.0229128704782, 24.416214190428388], [72.02267108681288, 24.412581613861278], [72.02435207677436, 24.409911833066797], [72.03160132424097, 24.406496003059807], [72.03164409184387, 24.40647325717226], [72.031684457704, 24.406446479558586], [72.03172204295657, 24.406415921547392], [72.03175649483492, 24.406381869949236], [72.03178748998154, 24.40634464436469], [72.03181473748302, 24.406304594184643], [72.03183798160049, 24.406262095310993], [72.03185700416994, 24.40621754662852], [72.03187162664985, 24.40617136626105], [72.03188171179696, 24.406123987647028], [72.03290061529417, 24.39986099558727], [72.03400181268634, 24.39749712362208], [72.04908753624956, 24.38956323117194], [72.04912997919703, 24.389538164261367], [72.04916974767372, 24.389509040009298], [72.04920645516917, 24.38947614147478], [72.0492397449227, 24.389439788399173], [72.04926929339068, 24.389400334098568], [72.0492948133911, 24.38935816202991], [72.0493160568947, 24.389313682064184], [72.04933281743553, 24.389267326502843], [72.04934493211763, 24.38921954587629], [72.04935228319826, 24.38917080456517], [72.04935479923212, 24.389121576287017], [72.04935245576586, 24.38907233949222], [72.04892325576586, 24.38465563949222], [72.04891607094434, 24.384606849329646], [72.04890411462212, 24.38455900428829], [72.04888750311514, 24.384512569824153], [72.04886639802689, 24.384467997670583], [72.04547609802688, 24.378135697670583], [72.04544728344754, 24.378088381029663], [72.04300108344755, 24.374531281029665], [72.04297151388691, 24.37449248260044], [72.04293830424011, 24.374456750312714], [72.04290177062008, 24.37442442429171], [72.04286226077969, 24.37439581223938], [72.04282015080156, 24.374371186505503], [72.04277584151829, 24.374350781495252], [72.04272975469702, 24.374334791437963], [72.04268232902476, 24.37432336853832], [72.0426340159326, 24.374316621527576], [72.0425852752988, 24.374314614628553], [72.04253657107122, 24.37431736694434], [72.04248836685119, 24.374324852276445], [72.04244112148058, 24.374336999374176], [72.0321149656359, 24.377536428291545], [72.02535217440979, 24.375521199578294], [72.01934647369373, 24.37245334222597], [72.02041384809874, 24.362094702252623], [72.02538561787637, 24.354999028416522], [72.02982519233396, 24.353785661974], [72.0422471387412, 24.35591719751776], [72.04229421958706, 24.35592299323967], [72.04234163778608, 24.355924301230655], [72.04238896653722, 24.35592110971776], [72.04243577984452, 24.355913447427113], [72.04248165635146, 24.35590138332535], [72.04252618313338, 24.355885025998866], [72.0425689594143, 24.355864522676452], [72.0498215594143, 24.35195482267645], [72.04986288150008, 24.351929901574927], [72.04990160879298, 24.351901113159585], [72.04993738057524, 24.35186872557449], [72.04996986365758, 24.351833040487467], [72.04999875548268, 24.351794390280276], [72.0500237869433, 24.351753134952702], [72.0500447248888, 24.351709658769426], [72.05006137429679, 24.351664366680847], [72.05007358008959, 24.351617680551257], [72.05008122857876, 24.35157003522948], [72.05008424852393, 24.351521874498534], [72.05008261179641, 24.351473646942125], [72.0500763336412, 24.351425801766393], [72.05006547253492, 24.351378784615857], [72.05005012964124, 24.351333033422566], [72.04588742964123, 24.34065903342257], [72.04586685877669, 24.34061322555797], [72.04584179699486, 24.340569712019633], [72.04581249707098, 24.340528931688752], [72.04577925452651, 24.340491295879154], [72.04574240464855, 24.340457184188764], [72.04570231910805, 24.34042694067095], [72.04565940221113, 24.340400870364366], [72.0456140868212, 24.340379236216304], [72.04556682999308, 24.34036225643059], [72.0455181083631, 24.34035010226677], [72.04546841334168, 24.34034289631275], [72.04541824615698, 24.34034071124839], [72.04536811279942, 24.340343569112434], [72.02912931686986, 24.342090730185703], [72.0342292789163, 24.32990657257489], [72.04054460532386, 24.321391247551347], [72.0405711458177, 24.32135164631418], [72.04059379419924, 24.321309697457078], [72.04061234458057, 24.321265782321298], [72.04062662832716, 24.321220300122786], [72.04063651559088, 24.321173664323076], [72.04064191649032, 24.32112629887065], [72.04064278192794, 24.321078634346986], [72.04063910403637, 24.32103110405231], [72.04063091624994, 24.320984140066624], [72.04061829300073, 24.320938169321817], [72.04060134904196, 24.320893609720617], [72.04058023840474, 24.320850866337565], [72.04055515299795, 24.32081032773665], [72.04052632086356, 24.320772362439016], [72.04049400410362, 24.320737315572877], [72.04045849649765, 24.320705505736097], [72.03544815005321, 24.31663030560462], [72.03540728135007, 24.31189868148508], [72.03540457418339, 24.311850861851465], [72.03539730393707, 24.311803520647118], [72.03538553732426, 24.31175709228366], [72.03536938231754, 24.31171200279632], [72.03534898715826, 24.31166866593455], [72.03532453899614, 24.311627479365384], [72.03529626217204, 24.31158882102438], [72.03526441615931, 24.311553045647603], [72.03522929318282, 24.31152048151651], [72.03519121553752, 24.311491427445574], [72.03515053263087, 24.31146615004031], [72.03510761777673, 24.31144488125085], [72.02674395572441, 24.30778777227902], [72.02332557508942, 24.302696870892326], [72.020508201547, 24.29689153246745], [72.02481477772868, 24.29076535282156], [72.0426410220919, 24.28732222644142], [72.04268390903155, 24.287311962275023], [72.04272572479175, 24.287297959243077], [72.04276614410564, 24.28728032626916], [72.05195004410564, 24.282781826269158], [72.05199470170105, 24.282757047498286], [72.05203659866636, 24.282727842488242], [72.05207529788412, 24.28269451593938], [72.05211039559944, 24.282657415552684], [72.05214152563249, 24.282616928402177], [72.05216836319887, 24.28257347689651], [72.05219062829813, 24.282527514371893], [72.05220808863507, 24.282479520362394], [72.05222056204333, 24.282429995596868], [72.05222791838592, 24.282379456774784], [72.052230080913, 24.28232843117542], [72.05214428091301, 24.27250923117542], [72.05214141630854, 24.272459977469392], [72.0521337115142, 24.27241124586096], [72.05212124154798, 24.272363510827095], [72.05210412782412, 24.272317237141568], [72.052082536971, 24.272272875349703], [72.05205667920868, 24.272230857381597], [72.05202680630214, 24.272191592346626], [72.04636200630213, 24.265462492346625], [72.04632903099666, 24.265426969466507], [72.0462927711543, 24.265394806294783], [72.04625356750819, 24.265366305068234], [72.03282106750818, 24.256563205068236], [72.03278172006205, 24.256539917845807], [72.0327404098715, 24.256520322325844], [72.03269748237503, 24.256504582367352], [72.03265329653517, 24.256492829588893], [72.03260822183677, 24.25648516226796], [72.0325626351974, 24.256481644519187], [72.0238078351974, 24.256207744519187], [72.02376924118055, 24.256208027385526], [72.02373078395952, 24.256211286265838], [72.01080617065139, 24.257810956971028], [71.99787621306731, 24.257541371574444], [71.98702090666217, 24.24907464164216], [71.98696242494243, 24.249035325810212], [71.98184144635063, 24.24609407278124], [71.98432249048426, 24.23636626767645], [71.98433192893741, 24.236320380144143], [71.98433703118837, 24.236273810657842], [71.9843377524445, 24.236226968051078], [71.98433408637388, 24.23618026355509], [71.98432606516094, 24.23613410718866], [71.98252366516094, 24.228033307188664], [71.98251103429853, 24.22798710262344], [71.98249404008928, 24.227942318726953], [71.98247283849928, 24.22789936650798], [71.9824476241083, 24.227858640164904], [71.982418628324, 24.22782051346789], [71.98238611725812, 24.2277853363286], [71.9823503892843, 24.227753431588823], [71.9823117722997, 24.227725092057565], [71.9713254722997, 24.220445692057563], [71.97128349494388, 24.220420739059822], [71.971239283602, 24.22040000002057], [71.97119326000619, 24.22038367276955], [71.95947736000619, 24.216861272769552], [71.95942165225983, 24.216847950085203], [71.95936478634486, 24.21684108607499], [71.94824534590938, 24.216141709615346], [71.92927612928577, 24.208423109666494], [71.93060622965403, 24.205491379055466], [71.93062387083383, 24.2054469684012], [71.93063719186505, 24.205401076489444], [71.93064607107243, 24.205354122500125], [71.93065042735272, 24.205306535314254], [71.93086502735271, 24.200374535314253], [71.93086481987817, 24.200326729724626], [71.93065021987817, 24.196216529724627], [71.93064775475217, 24.196186605757045], [71.92970365475217, 24.187809305757042], [71.92969923681534, 24.18777866292418], [71.92860610889365, 24.18156542883911], [71.92997895162308, 24.177656481640863], [71.92999306840716, 24.177608833431414], [71.93000238551984, 24.177560019223773], [71.93000681092167, 24.177510521231135], [71.9300063008961, 24.17746082842149], [71.93000086048146, 24.17741143168734], [71.92952876048145, 24.17447503168734], [71.92951889109763, 24.174428121839366], [71.9295045748249, 24.174382372709218], [71.92948594325495, 24.174338204811658], [71.92800144719043, 24.171242506693595], [71.92736915098703, 24.169088849048865], [71.92735376495963, 24.169044321510786], [71.92733425642737, 24.16900143971213], [71.92731079858167, 24.168960584345754], [71.92728359967485, 24.168922118114402], [71.92550331961893, 24.16664049539197], [71.923465089085, 24.163067096477153], [71.92698854315788, 24.156033153151878], [71.93147885972351, 24.150615570542776], [71.93150775244263, 24.15057708181645], [71.9315328109492, 24.150535993587955], [71.93155380308403, 24.150492686526785], [71.93157053436163, 24.150447561859227], [71.93158284977196, 24.150401037651115], [71.93159063521662, 24.150353544934585], [71.93159381856593, 24.1503055237147], [71.93159237032717, 24.15025741889294], [71.93158630391778, 24.15020967614533], [71.93157567554118, 24.15016273779339], [71.9315605836659, 24.150117038706174], [71.93154116811341, 24.15007300227133], [71.9315176087627, 24.15003103647256], [71.93149012388375, 24.149991530109773], [71.93145896811528, 24.14995484919698], [71.93142443010568, 24.14992133357129], [71.93138682983874, 24.149891293744414], [71.9313465156691, 24.149865008025895], [71.93130386109485, 24.149842719944633], [71.93125926129716, 24.149824635992683], [71.93121312947912, 24.149810923712163], [71.92256532947913, 24.147687523712165], [71.92251946114645, 24.147678511138224], [71.92247295159906, 24.14767382152898], [71.9224262073547, 24.147673495874056], [71.92237963698244, 24.14767753701985], [71.91085196299434, 24.14922358470594], [71.90156515724793, 24.147490220753273], [71.88974551101593, 24.141182385895068], [71.88970501358263, 24.141163055980268], [71.88966294616897, 24.14114743482733], [71.88961964761751, 24.141135648260743], [71.88142284761751, 24.139295048260742], [71.8813700419957, 24.13928613008754], [71.88131658543708, 24.139282910794215], [71.88126309118834, 24.139285427312075], [71.87195049118834, 24.140225327312073], [71.87190078021789, 24.140232885683876], [71.87185207975999, 24.14024539867589], [71.87180488233399, 24.14026273974125], [71.87175966525872, 24.140284733505624], [71.87171688582521, 24.14031115754084], [71.86798738873155, 24.14288252528121], [71.8645716143254, 24.142810892547995], [71.86098545590698, 24.14020775840994], [71.85906957055286, 24.1375851470972], [71.85691565483296, 24.13407798538361], [71.85570432867556, 24.130913937219788], [71.85538798307606, 24.129182143123924], [71.85695211137238, 24.122507681934238], [71.85696012929213, 24.1224653214866], [71.85696446826584, 24.122422427805613], [71.85696509603417, 24.122379319796288], [71.85683639603418, 24.11787491979629], [71.8568318960765, 24.117820776344622], [71.85682154813232, 24.11776744077461], [71.85680547438037, 24.11771554282209], [71.85577547438037, 24.11493454282209], [71.85575690012256, 24.11489087581903], [71.85573426990308, 24.114849166307202], [71.85570778755779, 24.114809789974235], [71.85253198755778, 24.110540189974234], [71.85250600474434, 24.110508113389354], [71.85247746451452, 24.110478289419575], [71.85244656140011, 24.110450921346732], [71.84418571380347, 24.10372252198499], [71.84203856176309, 24.097767244357314], [71.84221387300094, 24.095782099995315], [71.84579907952362, 24.094667145107913], [71.84585309983268, 24.094646858416485], [71.84590442305164, 24.094620482843737], [71.85062512305164, 24.091838982843736], [71.85066937788753, 24.091809634394355], [71.8507102706171, 24.091775758050858], [71.85074733999947, 24.09173773591428], [71.85212063999947, 24.09017063591428], [71.85215191821977, 24.090131085978708], [71.85217905397391, 24.090088586857348], [71.8522017712886, 24.090043570770426], [71.85221983912656, 24.089996495535953], [71.85307813912655, 24.087371595535952], [71.85309135582767, 24.087323021834877], [71.85309962137323, 24.0872733653511], [71.85310285198084, 24.08722312941974], [71.85314516096805, 24.084170570510494], [71.85425315727305, 24.078217895613594], [71.85425998946118, 24.078166499189255], [71.85426146242511, 24.078114671574923], [71.85425756032595, 24.078062970077347], [71.85424832512327, 24.078011950647113], [71.85423385612401, 24.07796216190049], [71.85421430891455, 24.0779141392201], [71.85418989368769, 24.077868398997897], [71.85230169368769, 24.0747338989979], [71.85227641858751, 24.074695967544663], [71.85224779420001, 24.074660495439087], [71.85221605840827, 24.074627777472216], [71.85218147495269, 24.07459808554683], [71.85214433123917, 24.074571666417768], [71.8521049359507, 24.07454873964129], [71.85206361648194, 24.07452949575045], [71.84816417148198, 24.072925404286945], [71.84304104679943, 24.070664619970053], [71.84009999414494, 24.06903006174726], [71.84005839639174, 24.069009410407947], [71.84001506197333, 24.06899270774144], [71.83997036475324, 24.06898009784839], [71.83992469035242, 24.06897168951943], [71.83619099035242, 24.068462289519427], [71.83618413176102, 24.068461402051984], [71.83202289211032, 24.06795219299124], [71.82872472989884, 24.067527532683794], [71.82486506554214, 24.066249543289985], [71.82480255046434, 24.066233240439953], [71.82106356458524, 24.065512413760104], [71.81802810958695, 24.06304463506284], [71.8179918146152, 24.063017756618002], [71.81473031461519, 24.060823356618002], [71.81468851233579, 24.060798105856342], [71.81464444606678, 24.060777053648312], [71.81459853620592, 24.06076040083463], [71.81455122073908, 24.060748306285245], [71.81450295106175, 24.060740885383677], [71.8144541876728, 24.060738208926267], [71.81440539578105, 24.060740302446753], [71.81435704086734, 24.060747145972687], [71.81430958424363, 24.06075867421597], [71.81426347865208, 24.060774777195704], [71.81421916394588, 24.06079530128744], [71.80903697057917, 24.06351026899088], [71.80390859045546, 24.064776863398112], [71.79932388525451, 24.064970646031423], [71.79928921659693, 24.064973321532023], [71.79407050465859, 24.065559214321404], [71.78958148331216, 24.065754371837162], [71.78954560974861, 24.065757227710712], [71.78684190974862, 24.066070727710713], [71.78678220503944, 24.066081352788068], [71.78088691018021, 24.067504030176327], [71.77554987428127, 24.066314475250902], [71.77554569469825, 24.06631356242822], [71.76803854522406, 24.064707615004014], [71.76027398737041, 24.0629450055927], [71.7602281928508, 24.06293682896624], [71.7601818366199, 24.062932943724423], [71.76013531993638, 24.06293338349783], [71.76008904544776, 24.062938144479784], [71.76004341370512, 24.062947185459322], [71.75999881969598, 24.062960428177895], [71.75995564942522, 24.062977758006785], [71.75773429220635, 24.06399188183479], [71.75448125799234, 24.065303431988625], [71.75135206927256, 24.065959854157875], [71.74858989005047, 24.066500244546965], [71.74570372309408, 24.06401142877452], [71.74151585190465, 24.05956306656025], [71.74150569045337, 24.059552583993835], [71.73842013431359, 24.056461136148418], [71.73589236983005, 24.05380079381204], [71.7358534978821, 24.05376403807811], [71.73581092136966, 24.053731645904637], [71.73396552136965, 24.052477645904638], [71.73392215553896, 24.052451291094886], [71.7338763416934, 24.052429467648228], [71.73382855174697, 24.052412400361117], [71.73377927796885, 24.0524002650383], [71.73372902791273, 24.05239318668192], [71.73367831918861, 24.05239123820389], [71.73362767413107, 24.052394439674874], [71.73357761441892, 24.052402758117523], [71.73352865570148, 24.052416107846184], [71.73348130228707, 24.052434351349504], [71.73343604194831, 24.052457300706898], [71.7333933408977, 24.05248471952427], [71.72625571389953, 24.057597351479203], [71.71926203310936, 24.06121875075909], [71.70944566170526, 24.065623167493857], [71.70612305275299, 24.065216232635958], [71.70205809841042, 24.063708315035594], [71.70204617368016, 24.063704062446593], [71.70135957368016, 24.063468962446596], [71.70131295626888, 24.0634554890225], [71.70126525233249, 24.063446597979507], [71.70121691118793, 24.063442373061154], [71.69310591118793, 24.063128873061153], [71.69305524748012, 24.063129483948657], [71.68403926842987, 24.06369594601263], [71.68120677311235, 24.05765420108936], [71.681183996325, 24.051713582975584], [71.68118062548392, 24.05165750751155], [71.68117098559983, 24.05160216410299], [71.6811551983597, 24.051548251365304], [71.67913819835971, 24.045865651365304], [71.67913718315559, 24.04586281825433], [71.67754938315558, 24.04147341825433], [71.67752960286158, 24.041426388825098], [71.67750513292393, 24.041381619981077], [71.67747622812624, 24.041339577860352], [71.67744318942844, 24.041300700210066], [71.67740636083305, 24.041265391828546], [71.6773661258034, 24.041234020350515], [71.67732290327102, 24.04120691241922], [71.67727714327363, 24.041184350285395], [71.67040693790689, 24.03822254741888], [71.66460620152719, 24.034444043252286], [71.66456154305688, 24.03441813473165], [71.66451445094002, 24.034396969596564], [71.66446542729734, 24.034380773520745], [71.6644149948445, 24.034369719195205], [71.66436369131861, 24.034363924486925], [71.65986182574052, 24.034089782343024], [71.65657363536464, 24.033833480839768], [71.65529552379577, 24.03211482657531], [71.65606774292121, 24.02806877338717], [71.65808819535431, 24.01948156229476], [71.6609605323144, 24.019131834499483], [71.6610089048401, 24.019123517936936], [71.66105622889343, 24.019110498703828], [71.66110204844723, 24.019092902256947], [71.66114592197212, 24.019070898160333], [71.66118742669116, 24.01904469845131], [71.6612261626538, 24.019014555597238], [71.66126175659005, 24.01898076006267], [71.66129386550726, 24.018943637510365], [71.66132217999538, 24.0189035456631], [71.66134642720846, 24.018860870856575], [71.66136637349392, 24.018816024316568], [71.66260639827473, 24.01561318329169], [71.66351375499288, 24.013575682948613], [71.66500297263252, 24.013421106526764], [71.67159196496965, 24.015736032869018], [71.67164697967988, 24.015751886926314], [71.67170344614144, 24.015761347803362], [71.67852694614143, 24.016506147803366], [71.6785799977503, 24.016509098554597], [71.67863306293586, 24.01650640296187], [71.67868554244775, 24.01649809146577], [71.67873684364956, 24.016484257925697], [71.67878638721112, 24.01646505855995], [71.68462288721112, 24.01383855855995], [71.68466727929564, 24.013815855323323], [71.68943087929564, 24.01107175532332], [71.68946945029721, 24.011047118900958], [71.68950560697334, 24.01101905878264], [71.68953904637802, 24.01098781007574], [71.68956948833245, 24.01095363460385], [71.69240188833245, 24.007464634603853], [71.69243114668832, 24.007424705854614], [71.69245631347152, 24.00738207969566], [71.6924771420117, 24.00733717392412], [71.69249342815948, 24.007290428680573], [71.69250501228738, 24.007242302135044], [71.69251178085446, 24.007193265996293], [71.69251366751908, 24.007143800888386], [71.69247076751908, 24.003380300888384], [71.69246815538479, 24.003334642223336], [71.69246138230187, 24.003289413225033], [71.69245050493492, 24.003244992285964], [71.69120590493492, 23.999010892285966], [71.69118886520997, 23.99896231913734], [71.69116692178345, 23.998915755320635], [71.69114030722962, 23.998871694356982], [71.69110930363112, 23.998830603240254], [71.69107423958927, 23.998792917487467], [71.68897143958927, 23.996754217487467], [71.6889710346696, 23.99675382535359], [71.68464033168546, 23.992564596880957], [71.6824545306953, 23.98894747824086], [71.68204281848949, 23.985636893773716], [71.6821710543956, 23.976142952949708], [71.68216948176374, 23.9760960052544], [71.68216351029629, 23.976049412327445], [71.68215319269883, 23.976003585409064], [71.68213862003694, 23.9759589289785], [71.68211992093237, 23.975915837183994], [71.68000212093236, 23.971602437183996], [71.67997898718909, 23.971560520727003], [71.67995195047418, 23.971521009013657], [71.67992125867747, 23.97148426431255], [71.67988719320091, 23.97145062352254], [71.67985006637856, 23.971420395083836], [71.67981021861277, 23.97139385615005], [71.67976801525329, 23.971371250047056], [71.67972384324742, 23.97135278404202], [71.67967810759228, 23.971338627443046], [71.67963122762154, 23.971328910046875], [71.67961354728178, 23.97132698240623], [71.66521677863314, 23.97235359520543]]]}}], "metadata": {"source": "udit-001/india-maps-data (Census 2011)", "url": "https://github.com/udit-001/india-maps-data", "license": "ODbL (Open Database License)", "feature_count": 35}}